﻿<?xml version="1.0" encoding="UTF-8" standalone="yes"?>
<?xml-stylesheet href="testLogFile.xsl" type="text/xsl"?>
<TestReport>
  <Name>Testspec 8.08 - Fallback</Name>
  <StartTime>08.07.2021 13:49:39</StartTime>
  <EndTime>08.07.2021 13:49:47</EndTime>
  <Tests>
    <Test Number="GE 0000">
      <Name>Test-Tool-Version</Name>
      <Description>Notes the version of the Test-Tool in the LogFile</Description>
      <Finished>True</Finished>
      <Lines>
        <Line>
          <Time>13:49:39,012</Time>
          <Text>_________Start Test: Test GE 0000 - Test-Tool-Version</Text>
          <State>enSTE_OK</State>
        </Line>
        <Line>
          <Time>13:49:39,012</Time>
          <Text>Version of the Test-Tool: 1.0.1.0.2092589357</Text>
          <State>enSTE_OK</State>
        </Line>
        <Line>
          <Time>13:49:39,012</Time>
          <Text>Master Stack Version: 0.0.0.0</Text>
          <State>enSTE_OK</State>
        </Line>
        <Line>
          <Time>13:49:39,012</Time>
          <Text>Master App Version: 0.0.0</Text>
          <State>enSTE_OK</State>
        </Line>
        <Line>
          <Time>13:49:39,012</Time>
          <Text>Master Hardware Version: 0.0</Text>
          <State>enSTE_OK</State>
        </Line>
        <Line>
          <Time>13:49:39,012</Time>
          <Text>192.168.0.6: IO-LINK Device: Get Version</Text>
          <State>enSTE_OK</State>
        </Line>
        <Line>
          <Time>13:49:39,012</Time>
          <Text>Device Stack Version: 1.0.1.52800</Text>
          <State>enSTE_OK</State>
        </Line>
        <Line>
          <Time>13:49:39,012</Time>
          <Text>Device App Version: 1.1.3462478820</Text>
          <State>enSTE_OK</State>
        </Line>
        <Line>
          <Time>13:49:39,012</Time>
          <Text>Device Hardware Version: 102.0</Text>
          <State>enSTE_OK</State>
        </Line>
        <Line>
          <Time>13:49:39,012</Time>
          <Text>Finished Test: Test GE 0000 - Test-Tool-Version</Text>
          <State>enSTE_OK</State>
        </Line>
      </Lines>
    </Test>
    <Test Number="GE 0001">
      <Name>Init</Name>
      <Description>Init Hardware</Description>
      <Finished>True</Finished>
      <Lines>
        <Line>
          <Time>13:49:39,012</Time>
          <Text>_________Start Test: Test GE 0001 - Init</Text>
          <State>enSTE_OK</State>
        </Line>
        <Line>
          <Time>13:49:39,012</Time>
          <Text>Set Master Ports to inactive</Text>
          <State>enSTE_OK</State>
        </Line>
        <Line>
          <Time>13:49:39,092</Time>
          <Text>192.168.0.6: IO-LINK Device Set Wireshark</Text>
          <State>enSTE_OK</State>
        </Line>
        <Line>
          <Time>13:49:40,100</Time>
          <Text>Set Device Ports to inactive</Text>
          <State>enSTE_OK</State>
        </Line>
        <Line>
          <Time>13:49:40,100</Time>
          <Text>192.168.0.6: IO-LINK Device Port 0: Set Device Mode IOL_eDeviceMode_IDLE Result: IOL_eErrorInfo_NONE</Text>
          <State>enSTE_OK</State>
        </Line>
        <Line>
          <Time>13:49:40,100</Time>
          <Text>192.168.0.6: IO-LINK Device Mode Ind 0: Mode IOL_eDeviceMode_IDLE</Text>
          <State>enSTE_OK</State>
        </Line>
        <Line>
          <Time>13:49:40,101</Time>
          <Text>192.168.0.6: IO-LINK Device Port 0: Set Device Mode IOL_eDeviceMode_SIO Result: IOL_eErrorInfo_NONE</Text>
          <State>enSTE_OK</State>
        </Line>
        <Line>
          <Time>13:49:40,101</Time>
          <Text>192.168.0.6: IO-LINK Device Port 0: Init Result IOL_eErrorInfo_NONE</Text>
          <State>enSTE_OK</State>
        </Line>
        <Line>
          <Time>13:49:40,101</Time>
          <Text>192.168.0.6: IO-LINK Device Mode Ind 0: Mode IOL_eDeviceMode_SIO</Text>
          <State>enSTE_OK</State>
        </Line>
        <Line>
          <Time>13:49:40,101</Time>
          <Text>192.168.0.6: IO-LINK Device Port 0: Set TestCase</Text>
          <State>enSTE_OK</State>
        </Line>
        <Line>
          <Time>13:49:40,102</Time>
          <Text>192.168.0.6: IO-LINK Device Port 0: Set Input Res Valid: False</Text>
          <State>enSTE_OK</State>
        </Line>
        <Line>
          <Time>13:49:40,103</Time>
          <Text>192.168.0.6: IO-LINK Device Port 1: Set Device Mode IOL_eDeviceMode_IDLE Result: IOL_eErrorInfo_NONE</Text>
          <State>enSTE_OK</State>
        </Line>
        <Line>
          <Time>13:49:40,103</Time>
          <Text>192.168.0.6: IO-LINK Device Mode Ind 1: Mode IOL_eDeviceMode_IDLE</Text>
          <State>enSTE_OK</State>
        </Line>
        <Line>
          <Time>13:49:40,103</Time>
          <Text>192.168.0.6: IO-LINK Device Port 1: Init Result IOL_eErrorInfo_NONE</Text>
          <State>enSTE_OK</State>
        </Line>
        <Line>
          <Time>13:49:40,103</Time>
          <Text>192.168.0.6: IO-LINK Device Port 1: Set Device Mode IOL_eDeviceMode_SIO Result: IOL_eErrorInfo_NONE</Text>
          <State>enSTE_OK</State>
        </Line>
        <Line>
          <Time>13:49:40,104</Time>
          <Text>192.168.0.6: IO-LINK Device Mode Ind 1: Mode IOL_eDeviceMode_SIO</Text>
          <State>enSTE_OK</State>
        </Line>
        <Line>
          <Time>13:49:40,104</Time>
          <Text>192.168.0.6: IO-LINK Device Port 1: Set TestCase</Text>
          <State>enSTE_OK</State>
        </Line>
        <Line>
          <Time>13:49:40,105</Time>
          <Text>192.168.0.6: IO-LINK Device Port 1: Set Input Res Valid: False</Text>
          <State>enSTE_OK</State>
        </Line>
        <Line>
          <Time>13:49:40,105</Time>
          <Text>192.168.0.6: IO-LINK Device Port 2: Set Device Mode IOL_eDeviceMode_IDLE Result: IOL_eErrorInfo_NONE</Text>
          <State>enSTE_OK</State>
        </Line>
        <Line>
          <Time>13:49:40,105</Time>
          <Text>192.168.0.6: IO-LINK Device Mode Ind 2: Mode IOL_eDeviceMode_IDLE</Text>
          <State>enSTE_OK</State>
        </Line>
        <Line>
          <Time>13:49:40,105</Time>
          <Text>192.168.0.6: IO-LINK Device Port 2: Init Result IOL_eErrorInfo_NONE</Text>
          <State>enSTE_OK</State>
        </Line>
        <Line>
          <Time>13:49:40,106</Time>
          <Text>192.168.0.6: IO-LINK Device Port 2: Set Device Mode IOL_eDeviceMode_SIO Result: IOL_eErrorInfo_NONE</Text>
          <State>enSTE_OK</State>
        </Line>
        <Line>
          <Time>13:49:40,106</Time>
          <Text>192.168.0.6: IO-LINK Device Mode Ind 2: Mode IOL_eDeviceMode_SIO</Text>
          <State>enSTE_OK</State>
        </Line>
        <Line>
          <Time>13:49:40,106</Time>
          <Text>192.168.0.6: IO-LINK Device Port 2: Set TestCase</Text>
          <State>enSTE_OK</State>
        </Line>
        <Line>
          <Time>13:49:40,107</Time>
          <Text>192.168.0.6: IO-LINK Device Port 2: Set Input Res Valid: False</Text>
          <State>enSTE_OK</State>
        </Line>
        <Line>
          <Time>13:49:40,623</Time>
          <Text>Set Default Listener</Text>
          <State>enSTE_OK</State>
        </Line>
        <Line>
          <Time>13:49:40,623</Time>
          <Text>192.168.0.6: IO-LINK Device Set Abort Listener</Text>
          <State>enSTE_OK</State>
        </Line>
        <Line>
          <Time>13:49:40,623</Time>
          <Text>192.168.0.6: IO-LINK Device Set Read Listener</Text>
          <State>enSTE_OK</State>
        </Line>
        <Line>
          <Time>13:49:40,624</Time>
          <Text>192.168.0.6: IO-LINK Device Set Write Listener</Text>
          <State>enSTE_OK</State>
        </Line>
        <Line>
          <Time>13:49:40,624</Time>
          <Text>192.168.0.6: IO-LINK Device Set Mode Listener</Text>
          <State>enSTE_OK</State>
        </Line>
        <Line>
          <Time>13:49:40,624</Time>
          <Text>Finished Test: Test GE 0001 - Init</Text>
          <State>enSTE_OK</State>
        </Line>
      </Lines>
    </Test>
    <Test Number="SDCI_TC_0213">
      <Name>Fallback from Preop</Name>
      <Description>Test of Master Fallback from PREOPERATE mode</Description>
      <Finished>True</Finished>
      <Lines>
        <Line>
          <Time>13:49:40,624</Time>
          <Text>_________Start Test: Test SDCI_TC_0213 - Fallback from Preop</Text>
          <State>enSTE_OK</State>
        </Line>
        <Line>
          <Time>13:49:40,624</Time>
          <Text>Set Device Parameter</Text>
          <State>enSTE_OK</State>
        </Line>
        <Line>
          <Time>13:49:40,624</Time>
          <Text>Device Revision: 17</Text>
          <State>enSTE_OK</State>
        </Line>
        <Line>
          <Time>13:49:40,625</Time>
          <Text>192.168.0.6: IO-LINK Device Port 0: Set Device Mode IOL_eDeviceMode_IDLE Result: IOL_eErrorInfo_NONE</Text>
          <State>enSTE_OK</State>
        </Line>
        <Line>
          <Time>13:49:40,625</Time>
          <Text>192.168.0.6: IO-LINK Device Mode Ind 0: Mode IOL_eDeviceMode_IDLE</Text>
          <State>enSTE_OK</State>
        </Line>
        <Line>
          <Time>13:49:40,625</Time>
          <Text>192.168.0.6: IO-LINK Device Port 0: Init Result IOL_eErrorInfo_NONE</Text>
          <State>enSTE_OK</State>
        </Line>
        <Line>
          <Time>13:49:40,625</Time>
          <Text>192.168.0.6: IO-LINK Device Port 0: Set Device Mode IOL_eDeviceMode_SIO Result: IOL_eErrorInfo_NONE</Text>
          <State>enSTE_OK</State>
        </Line>
        <Line>
          <Time>13:49:40,625</Time>
          <Text>192.168.0.6: IO-LINK Device Mode Ind 0: Mode IOL_eDeviceMode_SIO</Text>
          <State>enSTE_OK</State>
        </Line>
        <Line>
          <Time>13:49:40,626</Time>
          <Text>192.168.0.6: IO-LINK Device Port 0: Set Device Mode IOL_eDeviceMode_SIO Result: IOL_eErrorInfo_NONE</Text>
          <State>enSTE_OK</State>
        </Line>
        <Line>
          <Time>13:49:40,629</Time>
          <Text>192.168.0.6: IO-LINK Device Set Wireshark</Text>
          <State>enSTE_OK</State>
        </Line>
        <Line>
          <Time>13:49:40,637</Time>
          <Text>192.168.0.6: IO-LINK Device Port 0: Set TestCase</Text>
          <State>enSTE_OK</State>
        </Line>
        <Line>
          <Time>13:49:40,637</Time>
          <Text>Start Master</Text>
          <State>enSTE_OK</State>
        </Line>
        <Line>
          <Time>13:49:40,637</Time>
          <Text>Target Mode: IOL_eTargetMode_AUTOCOM</Text>
          <State>enSTE_OK</State>
        </Line>
        <Line>
          <Time>13:49:40,637</Time>
          <Text>Inspection: IOL_eInspectionLevel_NO_CHECK</Text>
          <State>enSTE_OK</State>
        </Line>
        <Line>
          <Time>13:49:40,643</Time>
          <Text>192.168.0.6: IO-LINK Device Mode Ind 0: Mode IOL_eDeviceMode_ESTABCOM</Text>
          <State>enSTE_OK</State>
        </Line>
        <Line>
          <Time>13:49:40,645</Time>
          <Text>192.168.0.6: IO-LINK Device Mode Ind 0: Mode IOL_eDeviceMode_COMx</Text>
          <State>enSTE_OK</State>
        </Line>
        <Line>
          <Time>13:49:40,645</Time>
          <Text>192.168.0.6: IO-LINK Device Mode Ind 0: Mode IOL_eDeviceMode_STARTUP</Text>
          <State>enSTE_OK</State>
        </Line>
        <Line>
          <Time>13:49:40,697</Time>
          <Text>192.168.0.6: IO-LINK Device Mode Ind 0: Mode IOL_eDeviceMode_IDENT_STARTUP</Text>
          <State>enSTE_OK</State>
        </Line>
        <Line>
          <Time>13:49:40,777</Time>
          <Text>192.168.0.6: IO-LINK Device Mode Ind 0: Mode IOL_eDeviceMode_PREOPERATE</Text>
          <State>enSTE_OK</State>
        </Line>
        <Line>
          <Time>13:49:40,790</Time>
          <Text>192.168.0.6: IO-LINK Device Port 0: AL Read Index 21 Subindex 0</Text>
          <State>enSTE_OK</State>
        </Line>
        <Line>
          <Time>13:49:40,791</Time>
          <Text>192.168.0.6: IO-LINK Device Port 0: AL Read Res: 0</Text>
          <State>enSTE_OK</State>
        </Line>
        <Line>
          <Time>13:49:40,963</Time>
          <Text>Set Port Config</Text>
          <State>enSTE_OK</State>
        </Line>
        <Line>
          <Time>13:49:41,281</Time>
          <Text>192.168.0.6: IO-LINK Device Mode Ind 0: Mode IOL_eDeviceMode_IDLE</Text>
          <State>enSTE_OK</State>
        </Line>
        <Line>
          <Time>13:49:41,281</Time>
          <Text>192.168.0.6: IO-LINK Device Port 0: Set Device Mode IOL_eDeviceMode_SIO Result: IOL_eErrorInfo_NONE</Text>
          <State>enSTE_OK</State>
        </Line>
        <Line>
          <Time>13:49:41,282</Time>
          <Text>192.168.0.6: IO-LINK Device Mode Ind 0: Mode IOL_eDeviceMode_SIO</Text>
          <State>enSTE_OK</State>
        </Line>
        <Line>
          <Time>13:49:41,317</Time>
          <Text>Sleep: 350</Text>
          <State>enSTE_OK</State>
        </Line>
        <Line>
          <Time>13:49:41,317</Time>
          <Text>192.168.0.6: IO-LINK Device Port 0: Set Input Res Valid: True</Text>
          <State>enSTE_OK</State>
        </Line>
        <Line>
          <Time>13:49:41,317</Time>
          <Text>Set Input Data 1 Bytes. Valid: True</Text>
          <State>enSTE_OK</State>
        </Line>
        <Line>
          <Time>13:49:41,428</Time>
          <Text>Sleep: 100</Text>
          <State>enSTE_OK</State>
        </Line>
        <Line>
          <Time>13:49:41,431</Time>
          <Text>Get Input Data 1 Bytes. Valid: True</Text>
          <State>enSTE_OK</State>
        </Line>
        <Line>
          <Time>13:49:41,633</Time>
          <Text>Stop Communication</Text>
          <State>enSTE_OK</State>
        </Line>
        <Line>
          <Time>13:49:41,644</Time>
          <Text>192.168.0.6: IO-LINK Device Mode Ind 0: Mode IOL_eDeviceMode_IDLE</Text>
          <State>enSTE_OK</State>
        </Line>
        <Line>
          <Time>13:49:41,644</Time>
          <Text>192.168.0.6: IO-LINK Device Port 0: Set Device Mode IOL_eDeviceMode_IDLE Result: IOL_eErrorInfo_NONE</Text>
          <State>enSTE_OK</State>
        </Line>
        <Line>
          <Time>13:49:41,645</Time>
          <Text>192.168.0.6: IO-LINK Device Port 0: Set Device Mode IOL_eDeviceMode_SIO Result: IOL_eErrorInfo_NONE</Text>
          <State>enSTE_OK</State>
        </Line>
        <Line>
          <Time>13:49:41,645</Time>
          <Text>192.168.0.6: IO-LINK Device Mode Ind 0: Mode IOL_eDeviceMode_SIO</Text>
          <State>enSTE_OK</State>
        </Line>
        <Line>
          <Time>13:49:42,252</Time>
          <Text>192.168.0.6: IO-LINK Device Set Wireshark</Text>
          <State>enSTE_OK</State>
        </Line>
        <Line>
          <Time>13:49:42,254</Time>
          <Text>Start Line Analyzer</Text>
          <State>enSTE_OK</State>
        </Line>
        <Line>
          <Time>13:49:42,254</Time>
          <Text>Found Pattern: Info ChangeToPreoperate</Text>
          <State>enSTE_OK</State>
        </Line>
        <Line>
          <Time>13:49:42,254</Time>
          <Text>Found Pattern: Info Fallback</Text>
          <State>enSTE_OK</State>
        </Line>
        <Line>
          <Time>13:49:42,255</Time>
          <Text>Test finished without Errors -&gt; passed</Text>
          <State>enSTE_OK</State>
        </Line>
        <Line>
          <Time>13:49:42,255</Time>
          <Text>192.168.0.6: IO-LINK Device Set Abort Listener</Text>
          <State>enSTE_OK</State>
        </Line>
        <Line>
          <Time>13:49:42,256</Time>
          <Text>192.168.0.6: IO-LINK Device Set Read Listener</Text>
          <State>enSTE_OK</State>
        </Line>
        <Line>
          <Time>13:49:42,256</Time>
          <Text>192.168.0.6: IO-LINK Device Set Write Listener</Text>
          <State>enSTE_OK</State>
        </Line>
        <Line>
          <Time>13:49:42,257</Time>
          <Text>192.168.0.6: IO-LINK Device Set Mode Listener</Text>
          <State>enSTE_OK</State>
        </Line>
        <Line>
          <Time>13:49:42,257</Time>
          <Text>192.168.0.6: IO-LINK Device Port 0: Set TestCase</Text>
          <State>enSTE_OK</State>
        </Line>
        <Line>
          <Time>13:49:42,260</Time>
          <Text>Finished Test: Test SDCI_TC_0213 - Fallback from Preop</Text>
          <State>enSTE_OK</State>
        </Line>
      </Lines>
    </Test>
    <Test Number="SDCI_TC_0214">
      <Name>Fallback from Preop Fail</Name>
      <Description>Test of Master when Fallback request from PREOPERATE fails</Description>
      <Finished>True</Finished>
      <Lines>
        <Line>
          <Time>13:49:42,260</Time>
          <Text>_________Start Test: Test SDCI_TC_0214 - Fallback from Preop Fail</Text>
          <State>enSTE_OK</State>
        </Line>
        <Line>
          <Time>13:49:42,260</Time>
          <Text>Set Device Parameter</Text>
          <State>enSTE_OK</State>
        </Line>
        <Line>
          <Time>13:49:42,261</Time>
          <Text>Device Revision: 17</Text>
          <State>enSTE_OK</State>
        </Line>
        <Line>
          <Time>13:49:42,261</Time>
          <Text>192.168.0.6: IO-LINK Device Port 0: Set Device Mode IOL_eDeviceMode_IDLE Result: IOL_eErrorInfo_NONE</Text>
          <State>enSTE_OK</State>
        </Line>
        <Line>
          <Time>13:49:42,261</Time>
          <Text>192.168.0.6: IO-LINK Device Mode Ind 0: Mode IOL_eDeviceMode_IDLE</Text>
          <State>enSTE_OK</State>
        </Line>
        <Line>
          <Time>13:49:42,262</Time>
          <Text>192.168.0.6: IO-LINK Device Port 0: Init Result IOL_eErrorInfo_NONE</Text>
          <State>enSTE_OK</State>
        </Line>
        <Line>
          <Time>13:49:42,262</Time>
          <Text>192.168.0.6: IO-LINK Device Port 0: Set Device Mode IOL_eDeviceMode_SIO Result: IOL_eErrorInfo_NONE</Text>
          <State>enSTE_OK</State>
        </Line>
        <Line>
          <Time>13:49:42,262</Time>
          <Text>192.168.0.6: IO-LINK Device Mode Ind 0: Mode IOL_eDeviceMode_SIO</Text>
          <State>enSTE_OK</State>
        </Line>
        <Line>
          <Time>13:49:42,262</Time>
          <Text>192.168.0.6: IO-LINK Device Port 0: Set Device Mode IOL_eDeviceMode_SIO Result: IOL_eErrorInfo_NONE</Text>
          <State>enSTE_OK</State>
        </Line>
        <Line>
          <Time>13:49:42,263</Time>
          <Text>192.168.0.6: IO-LINK Device Set Wireshark</Text>
          <State>enSTE_OK</State>
        </Line>
        <Line>
          <Time>13:49:42,264</Time>
          <Text>192.168.0.6: IO-LINK Device Port 0: Set TestCase</Text>
          <State>enSTE_OK</State>
        </Line>
        <Line>
          <Time>13:49:42,264</Time>
          <Text>192.168.0.6: IO-LINK Device Port 0: Set TestCase</Text>
          <State>enSTE_OK</State>
        </Line>
        <Line>
          <Time>13:49:42,264</Time>
          <Text>Start Master</Text>
          <State>enSTE_OK</State>
        </Line>
        <Line>
          <Time>13:49:42,264</Time>
          <Text>Target Mode: IOL_eTargetMode_AUTOCOM</Text>
          <State>enSTE_OK</State>
        </Line>
        <Line>
          <Time>13:49:42,264</Time>
          <Text>Inspection: IOL_eInspectionLevel_NO_CHECK</Text>
          <State>enSTE_OK</State>
        </Line>
        <Line>
          <Time>13:49:42,270</Time>
          <Text>192.168.0.6: IO-LINK Device Mode Ind 0: Mode IOL_eDeviceMode_ESTABCOM</Text>
          <State>enSTE_OK</State>
        </Line>
        <Line>
          <Time>13:49:42,272</Time>
          <Text>192.168.0.6: IO-LINK Device Mode Ind 0: Mode IOL_eDeviceMode_COMx</Text>
          <State>enSTE_OK</State>
        </Line>
        <Line>
          <Time>13:49:42,272</Time>
          <Text>192.168.0.6: IO-LINK Device Mode Ind 0: Mode IOL_eDeviceMode_STARTUP</Text>
          <State>enSTE_OK</State>
        </Line>
        <Line>
          <Time>13:49:42,323</Time>
          <Text>192.168.0.6: IO-LINK Device Mode Ind 0: Mode IOL_eDeviceMode_IDENT_STARTUP</Text>
          <State>enSTE_OK</State>
        </Line>
        <Line>
          <Time>13:49:42,404</Time>
          <Text>192.168.0.6: IO-LINK Device Mode Ind 0: Mode IOL_eDeviceMode_PREOPERATE</Text>
          <State>enSTE_OK</State>
        </Line>
        <Line>
          <Time>13:49:42,417</Time>
          <Text>192.168.0.6: IO-LINK Device Port 0: AL Read Index 21 Subindex 0</Text>
          <State>enSTE_OK</State>
        </Line>
        <Line>
          <Time>13:49:42,417</Time>
          <Text>192.168.0.6: IO-LINK Device Port 0: AL Read Res: 0</Text>
          <State>enSTE_OK</State>
        </Line>
        <Line>
          <Time>13:49:42,530</Time>
          <Text>Set Port Config</Text>
          <State>enSTE_OK</State>
        </Line>
        <Line>
          <Time>13:49:42,867</Time>
          <Text>192.168.0.6: IO-LINK Device Mode Ind 0: Mode IOL_eDeviceMode_IDLE</Text>
          <State>enSTE_OK</State>
        </Line>
        <Line>
          <Time>13:49:42,868</Time>
          <Text>192.168.0.6: IO-LINK Device Port 0: Set Device Mode IOL_eDeviceMode_SIO Result: IOL_eErrorInfo_NONE</Text>
          <State>enSTE_OK</State>
        </Line>
        <Line>
          <Time>13:49:42,868</Time>
          <Text>192.168.0.6: IO-LINK Device Mode Ind 0: Mode IOL_eDeviceMode_SIO</Text>
          <State>enSTE_OK</State>
        </Line>
        <Line>
          <Time>13:49:43,044</Time>
          <Text>Sleep: 500</Text>
          <State>enSTE_OK</State>
        </Line>
        <Line>
          <Time>13:49:43,251</Time>
          <Text>Stop Communication</Text>
          <State>enSTE_OK</State>
        </Line>
        <Line>
          <Time>13:49:43,262</Time>
          <Text>192.168.0.6: IO-LINK Device Mode Ind 0: Mode IOL_eDeviceMode_IDLE</Text>
          <State>enSTE_OK</State>
        </Line>
        <Line>
          <Time>13:49:43,262</Time>
          <Text>192.168.0.6: IO-LINK Device Port 0: Set Device Mode IOL_eDeviceMode_IDLE Result: IOL_eErrorInfo_NONE</Text>
          <State>enSTE_OK</State>
        </Line>
        <Line>
          <Time>13:49:43,263</Time>
          <Text>192.168.0.6: IO-LINK Device Port 0: Set Device Mode IOL_eDeviceMode_SIO Result: IOL_eErrorInfo_NONE</Text>
          <State>enSTE_OK</State>
        </Line>
        <Line>
          <Time>13:49:43,263</Time>
          <Text>192.168.0.6: IO-LINK Device Mode Ind 0: Mode IOL_eDeviceMode_SIO</Text>
          <State>enSTE_OK</State>
        </Line>
        <Line>
          <Time>13:49:43,871</Time>
          <Text>192.168.0.6: IO-LINK Device Set Wireshark</Text>
          <State>enSTE_OK</State>
        </Line>
        <Line>
          <Time>13:49:43,873</Time>
          <Text>Start Line Analyzer</Text>
          <State>enSTE_OK</State>
        </Line>
        <Line>
          <Time>13:49:43,873</Time>
          <Text>Found Pattern: Info ChangeToPreoperate</Text>
          <State>enSTE_OK</State>
        </Line>
        <Line>
          <Time>13:49:43,873</Time>
          <Text>Found Pattern: Fault NoDeviceFrame</Text>
          <State>enSTE_OK</State>
        </Line>
        <Line>
          <Time>13:49:43,874</Time>
          <Text>Found Pattern: Info Fallback</Text>
          <State>enSTE_OK</State>
        </Line>
        <Line>
          <Time>13:49:43,874</Time>
          <Text>Found Pattern: Fault NoDeviceFrame</Text>
          <State>enSTE_OK</State>
        </Line>
        <Line>
          <Time>13:49:43,874</Time>
          <Text>Found Pattern: Info Fallback</Text>
          <State>enSTE_OK</State>
        </Line>
        <Line>
          <Time>13:49:43,875</Time>
          <Text>Found Pattern: Fault NoDeviceFrame</Text>
          <State>enSTE_OK</State>
        </Line>
        <Line>
          <Time>13:49:43,875</Time>
          <Text>Found Pattern: Info Fallback</Text>
          <State>enSTE_OK</State>
        </Line>
        <Line>
          <Time>13:49:43,875</Time>
          <Text>Test finished without Errors -&gt; passed</Text>
          <State>enSTE_OK</State>
        </Line>
        <Line>
          <Time>13:49:43,876</Time>
          <Text>192.168.0.6: IO-LINK Device Set Abort Listener</Text>
          <State>enSTE_OK</State>
        </Line>
        <Line>
          <Time>13:49:43,876</Time>
          <Text>192.168.0.6: IO-LINK Device Set Read Listener</Text>
          <State>enSTE_OK</State>
        </Line>
        <Line>
          <Time>13:49:43,876</Time>
          <Text>192.168.0.6: IO-LINK Device Set Write Listener</Text>
          <State>enSTE_OK</State>
        </Line>
        <Line>
          <Time>13:49:43,877</Time>
          <Text>192.168.0.6: IO-LINK Device Set Mode Listener</Text>
          <State>enSTE_OK</State>
        </Line>
        <Line>
          <Time>13:49:43,877</Time>
          <Text>192.168.0.6: IO-LINK Device Port 0: Set TestCase</Text>
          <State>enSTE_OK</State>
        </Line>
        <Line>
          <Time>13:49:43,880</Time>
          <Text>Finished Test: Test SDCI_TC_0214 - Fallback from Preop Fail</Text>
          <State>enSTE_OK</State>
        </Line>
      </Lines>
    </Test>
    <Test Number="SDCI_TC_0215">
      <Name>Fallback from Op</Name>
      <Description>Test of Master Fallback from OPERATE mode</Description>
      <Finished>True</Finished>
      <Lines>
        <Line>
          <Time>13:49:43,880</Time>
          <Text>_________Start Test: Test SDCI_TC_0215 - Fallback from Op</Text>
          <State>enSTE_OK</State>
        </Line>
        <Line>
          <Time>13:49:43,880</Time>
          <Text>Set Device Parameter</Text>
          <State>enSTE_OK</State>
        </Line>
        <Line>
          <Time>13:49:43,880</Time>
          <Text>Device Revision: 17</Text>
          <State>enSTE_OK</State>
        </Line>
        <Line>
          <Time>13:49:43,880</Time>
          <Text>192.168.0.6: IO-LINK Device Port 0: Set Device Mode IOL_eDeviceMode_IDLE Result: IOL_eErrorInfo_NONE</Text>
          <State>enSTE_OK</State>
        </Line>
        <Line>
          <Time>13:49:43,880</Time>
          <Text>192.168.0.6: IO-LINK Device Mode Ind 0: Mode IOL_eDeviceMode_IDLE</Text>
          <State>enSTE_OK</State>
        </Line>
        <Line>
          <Time>13:49:43,881</Time>
          <Text>192.168.0.6: IO-LINK Device Port 0: Init Result IOL_eErrorInfo_NONE</Text>
          <State>enSTE_OK</State>
        </Line>
        <Line>
          <Time>13:49:43,881</Time>
          <Text>192.168.0.6: IO-LINK Device Port 0: Set Device Mode IOL_eDeviceMode_SIO Result: IOL_eErrorInfo_NONE</Text>
          <State>enSTE_OK</State>
        </Line>
        <Line>
          <Time>13:49:43,881</Time>
          <Text>192.168.0.6: IO-LINK Device Mode Ind 0: Mode IOL_eDeviceMode_SIO</Text>
          <State>enSTE_OK</State>
        </Line>
        <Line>
          <Time>13:49:43,881</Time>
          <Text>192.168.0.6: IO-LINK Device Port 0: Set Device Mode IOL_eDeviceMode_SIO Result: IOL_eErrorInfo_NONE</Text>
          <State>enSTE_OK</State>
        </Line>
        <Line>
          <Time>13:49:43,882</Time>
          <Text>192.168.0.6: IO-LINK Device Set Wireshark</Text>
          <State>enSTE_OK</State>
        </Line>
        <Line>
          <Time>13:49:43,883</Time>
          <Text>192.168.0.6: IO-LINK Device Port 0: Set TestCase</Text>
          <State>enSTE_OK</State>
        </Line>
        <Line>
          <Time>13:49:43,883</Time>
          <Text>Start Master</Text>
          <State>enSTE_OK</State>
        </Line>
        <Line>
          <Time>13:49:43,883</Time>
          <Text>Target Mode: IOL_eTargetMode_AUTOCOM</Text>
          <State>enSTE_OK</State>
        </Line>
        <Line>
          <Time>13:49:43,883</Time>
          <Text>Inspection: IOL_eInspectionLevel_NO_CHECK</Text>
          <State>enSTE_OK</State>
        </Line>
        <Line>
          <Time>13:49:43,889</Time>
          <Text>192.168.0.6: IO-LINK Device Mode Ind 0: Mode IOL_eDeviceMode_ESTABCOM</Text>
          <State>enSTE_OK</State>
        </Line>
        <Line>
          <Time>13:49:43,891</Time>
          <Text>192.168.0.6: IO-LINK Device Mode Ind 0: Mode IOL_eDeviceMode_COMx</Text>
          <State>enSTE_OK</State>
        </Line>
        <Line>
          <Time>13:49:43,891</Time>
          <Text>192.168.0.6: IO-LINK Device Mode Ind 0: Mode IOL_eDeviceMode_STARTUP</Text>
          <State>enSTE_OK</State>
        </Line>
        <Line>
          <Time>13:49:43,942</Time>
          <Text>192.168.0.6: IO-LINK Device Mode Ind 0: Mode IOL_eDeviceMode_IDENT_STARTUP</Text>
          <State>enSTE_OK</State>
        </Line>
        <Line>
          <Time>13:49:44,023</Time>
          <Text>192.168.0.6: IO-LINK Device Mode Ind 0: Mode IOL_eDeviceMode_PREOPERATE</Text>
          <State>enSTE_OK</State>
        </Line>
        <Line>
          <Time>13:49:44,036</Time>
          <Text>192.168.0.6: IO-LINK Device Port 0: AL Read Index 21 Subindex 0</Text>
          <State>enSTE_OK</State>
        </Line>
        <Line>
          <Time>13:49:44,036</Time>
          <Text>192.168.0.6: IO-LINK Device Port 0: AL Read Res: 0</Text>
          <State>enSTE_OK</State>
        </Line>
        <Line>
          <Time>13:49:44,106</Time>
          <Text>192.168.0.6: IO-LINK Device Mode Ind 0: Mode IOL_eDeviceMode_OPERATE</Text>
          <State>enSTE_OK</State>
        </Line>
        <Line>
          <Time>13:49:44,213</Time>
          <Text>Set Port Config</Text>
          <State>enSTE_OK</State>
        </Line>
        <Line>
          <Time>13:49:44,528</Time>
          <Text>192.168.0.6: IO-LINK Device Mode Ind 0: Mode IOL_eDeviceMode_IDLE</Text>
          <State>enSTE_OK</State>
        </Line>
        <Line>
          <Time>13:49:44,529</Time>
          <Text>192.168.0.6: IO-LINK Device Port 0: Set Device Mode IOL_eDeviceMode_SIO Result: IOL_eErrorInfo_NONE</Text>
          <State>enSTE_OK</State>
        </Line>
        <Line>
          <Time>13:49:44,529</Time>
          <Text>192.168.0.6: IO-LINK Device Mode Ind 0: Mode IOL_eDeviceMode_SIO</Text>
          <State>enSTE_OK</State>
        </Line>
        <Line>
          <Time>13:49:44,572</Time>
          <Text>Sleep: 350</Text>
          <State>enSTE_OK</State>
        </Line>
        <Line>
          <Time>13:49:44,572</Time>
          <Text>192.168.0.6: IO-LINK Device Port 0: Set Input Res Valid: True</Text>
          <State>enSTE_OK</State>
        </Line>
        <Line>
          <Time>13:49:44,573</Time>
          <Text>Set Input Data 1 Bytes. Valid: True</Text>
          <State>enSTE_OK</State>
        </Line>
        <Line>
          <Time>13:49:44,683</Time>
          <Text>Sleep: 100</Text>
          <State>enSTE_OK</State>
        </Line>
        <Line>
          <Time>13:49:44,686</Time>
          <Text>Get Input Data 1 Bytes. Valid: True</Text>
          <State>enSTE_OK</State>
        </Line>
        <Line>
          <Time>13:49:44,889</Time>
          <Text>Stop Communication</Text>
          <State>enSTE_OK</State>
        </Line>
        <Line>
          <Time>13:49:44,899</Time>
          <Text>192.168.0.6: IO-LINK Device Port 0: Set Device Mode IOL_eDeviceMode_IDLE Result: IOL_eErrorInfo_NONE</Text>
          <State>enSTE_OK</State>
        </Line>
        <Line>
          <Time>13:49:44,899</Time>
          <Text>192.168.0.6: IO-LINK Device Mode Ind 0: Mode IOL_eDeviceMode_IDLE</Text>
          <State>enSTE_OK</State>
        </Line>
        <Line>
          <Time>13:49:44,900</Time>
          <Text>192.168.0.6: IO-LINK Device Port 0: Set Device Mode IOL_eDeviceMode_SIO Result: IOL_eErrorInfo_NONE</Text>
          <State>enSTE_OK</State>
        </Line>
        <Line>
          <Time>13:49:44,900</Time>
          <Text>192.168.0.6: IO-LINK Device Mode Ind 0: Mode IOL_eDeviceMode_SIO</Text>
          <State>enSTE_OK</State>
        </Line>
        <Line>
          <Time>13:49:45,512</Time>
          <Text>192.168.0.6: IO-LINK Device Set Wireshark</Text>
          <State>enSTE_OK</State>
        </Line>
        <Line>
          <Time>13:49:45,513</Time>
          <Text>Start Line Analyzer</Text>
          <State>enSTE_OK</State>
        </Line>
        <Line>
          <Time>13:49:45,513</Time>
          <Text>Found Pattern: Info ChangeToOperate</Text>
          <State>enSTE_OK</State>
        </Line>
        <Line>
          <Time>13:49:45,513</Time>
          <Text>Found Pattern: Info Fallback</Text>
          <State>enSTE_OK</State>
        </Line>
        <Line>
          <Time>13:49:45,513</Time>
          <Text>Test finished without Errors -&gt; passed</Text>
          <State>enSTE_OK</State>
        </Line>
        <Line>
          <Time>13:49:45,514</Time>
          <Text>192.168.0.6: IO-LINK Device Set Abort Listener</Text>
          <State>enSTE_OK</State>
        </Line>
        <Line>
          <Time>13:49:45,514</Time>
          <Text>192.168.0.6: IO-LINK Device Set Read Listener</Text>
          <State>enSTE_OK</State>
        </Line>
        <Line>
          <Time>13:49:45,514</Time>
          <Text>192.168.0.6: IO-LINK Device Set Write Listener</Text>
          <State>enSTE_OK</State>
        </Line>
        <Line>
          <Time>13:49:45,515</Time>
          <Text>192.168.0.6: IO-LINK Device Set Mode Listener</Text>
          <State>enSTE_OK</State>
        </Line>
        <Line>
          <Time>13:49:45,515</Time>
          <Text>192.168.0.6: IO-LINK Device Port 0: Set TestCase</Text>
          <State>enSTE_OK</State>
        </Line>
        <Line>
          <Time>13:49:45,519</Time>
          <Text>Finished Test: Test SDCI_TC_0215 - Fallback from Op</Text>
          <State>enSTE_OK</State>
        </Line>
      </Lines>
    </Test>
    <Test Number="SDCI_TC_0216">
      <Name>Fallback from Op Fail</Name>
      <Description>Test of Master when Fallback request from STARTUP fails</Description>
      <Finished>True</Finished>
      <Lines>
        <Line>
          <Time>13:49:45,519</Time>
          <Text>_________Start Test: Test SDCI_TC_0216 - Fallback from Op Fail</Text>
          <State>enSTE_OK</State>
        </Line>
        <Line>
          <Time>13:49:45,519</Time>
          <Text>Set Device Parameter</Text>
          <State>enSTE_OK</State>
        </Line>
        <Line>
          <Time>13:49:45,519</Time>
          <Text>Device Revision: 17</Text>
          <State>enSTE_OK</State>
        </Line>
        <Line>
          <Time>13:49:45,520</Time>
          <Text>192.168.0.6: IO-LINK Device Port 0: Set Device Mode IOL_eDeviceMode_IDLE Result: IOL_eErrorInfo_NONE</Text>
          <State>enSTE_OK</State>
        </Line>
        <Line>
          <Time>13:49:45,520</Time>
          <Text>192.168.0.6: IO-LINK Device Mode Ind 0: Mode IOL_eDeviceMode_IDLE</Text>
          <State>enSTE_OK</State>
        </Line>
        <Line>
          <Time>13:49:45,520</Time>
          <Text>192.168.0.6: IO-LINK Device Port 0: Init Result IOL_eErrorInfo_NONE</Text>
          <State>enSTE_OK</State>
        </Line>
        <Line>
          <Time>13:49:45,520</Time>
          <Text>192.168.0.6: IO-LINK Device Port 0: Set Device Mode IOL_eDeviceMode_SIO Result: IOL_eErrorInfo_NONE</Text>
          <State>enSTE_OK</State>
        </Line>
        <Line>
          <Time>13:49:45,521</Time>
          <Text>192.168.0.6: IO-LINK Device Mode Ind 0: Mode IOL_eDeviceMode_SIO</Text>
          <State>enSTE_OK</State>
        </Line>
        <Line>
          <Time>13:49:45,521</Time>
          <Text>192.168.0.6: IO-LINK Device Port 0: Set Device Mode IOL_eDeviceMode_SIO Result: IOL_eErrorInfo_NONE</Text>
          <State>enSTE_OK</State>
        </Line>
        <Line>
          <Time>13:49:45,523</Time>
          <Text>192.168.0.6: IO-LINK Device Set Wireshark</Text>
          <State>enSTE_OK</State>
        </Line>
        <Line>
          <Time>13:49:45,524</Time>
          <Text>192.168.0.6: IO-LINK Device Port 0: Set TestCase</Text>
          <State>enSTE_OK</State>
        </Line>
        <Line>
          <Time>13:49:45,524</Time>
          <Text>192.168.0.6: IO-LINK Device Port 0: Set TestCase</Text>
          <State>enSTE_OK</State>
        </Line>
        <Line>
          <Time>13:49:45,524</Time>
          <Text>Start Master</Text>
          <State>enSTE_OK</State>
        </Line>
        <Line>
          <Time>13:49:45,524</Time>
          <Text>Target Mode: IOL_eTargetMode_AUTOCOM</Text>
          <State>enSTE_OK</State>
        </Line>
        <Line>
          <Time>13:49:45,524</Time>
          <Text>Inspection: IOL_eInspectionLevel_NO_CHECK</Text>
          <State>enSTE_OK</State>
        </Line>
        <Line>
          <Time>13:49:45,530</Time>
          <Text>192.168.0.6: IO-LINK Device Mode Ind 0: Mode IOL_eDeviceMode_ESTABCOM</Text>
          <State>enSTE_OK</State>
        </Line>
        <Line>
          <Time>13:49:45,532</Time>
          <Text>192.168.0.6: IO-LINK Device Mode Ind 0: Mode IOL_eDeviceMode_COMx</Text>
          <State>enSTE_OK</State>
        </Line>
        <Line>
          <Time>13:49:45,532</Time>
          <Text>192.168.0.6: IO-LINK Device Mode Ind 0: Mode IOL_eDeviceMode_STARTUP</Text>
          <State>enSTE_OK</State>
        </Line>
        <Line>
          <Time>13:49:45,584</Time>
          <Text>192.168.0.6: IO-LINK Device Mode Ind 0: Mode IOL_eDeviceMode_IDENT_STARTUP</Text>
          <State>enSTE_OK</State>
        </Line>
        <Line>
          <Time>13:49:45,664</Time>
          <Text>192.168.0.6: IO-LINK Device Mode Ind 0: Mode IOL_eDeviceMode_PREOPERATE</Text>
          <State>enSTE_OK</State>
        </Line>
        <Line>
          <Time>13:49:45,677</Time>
          <Text>192.168.0.6: IO-LINK Device Port 0: AL Read Index 21 Subindex 0</Text>
          <State>enSTE_OK</State>
        </Line>
        <Line>
          <Time>13:49:45,677</Time>
          <Text>192.168.0.6: IO-LINK Device Port 0: AL Read Res: 0</Text>
          <State>enSTE_OK</State>
        </Line>
        <Line>
          <Time>13:49:45,747</Time>
          <Text>192.168.0.6: IO-LINK Device Mode Ind 0: Mode IOL_eDeviceMode_OPERATE</Text>
          <State>enSTE_OK</State>
        </Line>
        <Line>
          <Time>13:49:45,853</Time>
          <Text>Set Port Config</Text>
          <State>enSTE_OK</State>
        </Line>
        <Line>
          <Time>13:49:46,190</Time>
          <Text>192.168.0.6: IO-LINK Device Mode Ind 0: Mode IOL_eDeviceMode_IDLE</Text>
          <State>enSTE_OK</State>
        </Line>
        <Line>
          <Time>13:49:46,190</Time>
          <Text>192.168.0.6: IO-LINK Device Port 0: Set Device Mode IOL_eDeviceMode_SIO Result: IOL_eErrorInfo_NONE</Text>
          <State>enSTE_OK</State>
        </Line>
        <Line>
          <Time>13:49:46,190</Time>
          <Text>192.168.0.6: IO-LINK Device Mode Ind 0: Mode IOL_eDeviceMode_SIO</Text>
          <State>enSTE_OK</State>
        </Line>
        <Line>
          <Time>13:49:46,356</Time>
          <Text>Sleep: 500</Text>
          <State>enSTE_OK</State>
        </Line>
        <Line>
          <Time>13:49:46,563</Time>
          <Text>Stop Communication</Text>
          <State>enSTE_OK</State>
        </Line>
        <Line>
          <Time>13:49:46,573</Time>
          <Text>192.168.0.6: IO-LINK Device Port 0: Set Device Mode IOL_eDeviceMode_IDLE Result: IOL_eErrorInfo_NONE</Text>
          <State>enSTE_OK</State>
        </Line>
        <Line>
          <Time>13:49:46,573</Time>
          <Text>192.168.0.6: IO-LINK Device Mode Ind 0: Mode IOL_eDeviceMode_IDLE</Text>
          <State>enSTE_OK</State>
        </Line>
        <Line>
          <Time>13:49:46,574</Time>
          <Text>192.168.0.6: IO-LINK Device Port 0: Set Device Mode IOL_eDeviceMode_SIO Result: IOL_eErrorInfo_NONE</Text>
          <State>enSTE_OK</State>
        </Line>
        <Line>
          <Time>13:49:46,574</Time>
          <Text>192.168.0.6: IO-LINK Device Mode Ind 0: Mode IOL_eDeviceMode_SIO</Text>
          <State>enSTE_OK</State>
        </Line>
        <Line>
          <Time>13:49:47,183</Time>
          <Text>192.168.0.6: IO-LINK Device Set Wireshark</Text>
          <State>enSTE_OK</State>
        </Line>
        <Line>
          <Time>13:49:47,184</Time>
          <Text>Start Line Analyzer</Text>
          <State>enSTE_OK</State>
        </Line>
        <Line>
          <Time>13:49:47,184</Time>
          <Text>Found Pattern: Info ChangeToOperate</Text>
          <State>enSTE_OK</State>
        </Line>
        <Line>
          <Time>13:49:47,184</Time>
          <Text>Found Pattern: Fault NoDeviceFrame</Text>
          <State>enSTE_OK</State>
        </Line>
        <Line>
          <Time>13:49:47,184</Time>
          <Text>Found Pattern: Info Fallback</Text>
          <State>enSTE_OK</State>
        </Line>
        <Line>
          <Time>13:49:47,184</Time>
          <Text>Found Pattern: Fault NoDeviceFrame</Text>
          <State>enSTE_OK</State>
        </Line>
        <Line>
          <Time>13:49:47,184</Time>
          <Text>Found Pattern: Info Fallback</Text>
          <State>enSTE_OK</State>
        </Line>
        <Line>
          <Time>13:49:47,184</Time>
          <Text>Found Pattern: Fault NoDeviceFrame</Text>
          <State>enSTE_OK</State>
        </Line>
        <Line>
          <Time>13:49:47,184</Time>
          <Text>Found Pattern: Info Fallback</Text>
          <State>enSTE_OK</State>
        </Line>
        <Line>
          <Time>13:49:47,184</Time>
          <Text>Test finished without Errors -&gt; passed</Text>
          <State>enSTE_OK</State>
        </Line>
        <Line>
          <Time>13:49:47,184</Time>
          <Text>192.168.0.6: IO-LINK Device Set Abort Listener</Text>
          <State>enSTE_OK</State>
        </Line>
        <Line>
          <Time>13:49:47,187</Time>
          <Text>192.168.0.6: IO-LINK Device Set Read Listener</Text>
          <State>enSTE_OK</State>
        </Line>
        <Line>
          <Time>13:49:47,187</Time>
          <Text>192.168.0.6: IO-LINK Device Set Write Listener</Text>
          <State>enSTE_OK</State>
        </Line>
        <Line>
          <Time>13:49:47,188</Time>
          <Text>192.168.0.6: IO-LINK Device Set Mode Listener</Text>
          <State>enSTE_OK</State>
        </Line>
        <Line>
          <Time>13:49:47,188</Time>
          <Text>192.168.0.6: IO-LINK Device Port 0: Set TestCase</Text>
          <State>enSTE_OK</State>
        </Line>
        <Line>
          <Time>13:49:47,191</Time>
          <Text>Finished Test: Test SDCI_TC_0216 - Fallback from Op Fail</Text>
          <State>enSTE_OK</State>
        </Line>
      </Lines>
    </Test>
  </Tests>
</TestReport>