﻿<?xml version="1.0" encoding="UTF-8" standalone="yes"?>
<?xml-stylesheet href="testLogFile.xsl" type="text/xsl"?>
<TestReport>
  <Name>Testspec 8.11 - ISDU Derived Error Types</Name>
  <StartTime>08.07.2021 13:50:32</StartTime>
  <EndTime>08.07.2021 13:50:53</EndTime>
  <Tests>
    <Test Number="GE 0000">
      <Name>Test-Tool-Version</Name>
      <Description>Notes the version of the Test-Tool in the LogFile</Description>
      <Finished>True</Finished>
      <Lines>
        <Line>
          <Time>13:50:32,517</Time>
          <Text>_________Start Test: Test GE 0000 - Test-Tool-Version</Text>
          <State>enSTE_OK</State>
        </Line>
        <Line>
          <Time>13:50:32,517</Time>
          <Text>Version of the Test-Tool: 1.0.1.0.2092589357</Text>
          <State>enSTE_OK</State>
        </Line>
        <Line>
          <Time>13:50:32,517</Time>
          <Text>Master Stack Version: 0.0.0.0</Text>
          <State>enSTE_OK</State>
        </Line>
        <Line>
          <Time>13:50:32,517</Time>
          <Text>Master App Version: 0.0.0</Text>
          <State>enSTE_OK</State>
        </Line>
        <Line>
          <Time>13:50:32,517</Time>
          <Text>Master Hardware Version: 0.0</Text>
          <State>enSTE_OK</State>
        </Line>
        <Line>
          <Time>13:50:32,517</Time>
          <Text>192.168.0.6: IO-LINK Device: Get Version</Text>
          <State>enSTE_OK</State>
        </Line>
        <Line>
          <Time>13:50:32,517</Time>
          <Text>Device Stack Version: 1.0.1.52800</Text>
          <State>enSTE_OK</State>
        </Line>
        <Line>
          <Time>13:50:32,517</Time>
          <Text>Device App Version: 1.1.3462478820</Text>
          <State>enSTE_OK</State>
        </Line>
        <Line>
          <Time>13:50:32,517</Time>
          <Text>Device Hardware Version: 102.0</Text>
          <State>enSTE_OK</State>
        </Line>
        <Line>
          <Time>13:50:32,517</Time>
          <Text>Finished Test: Test GE 0000 - Test-Tool-Version</Text>
          <State>enSTE_OK</State>
        </Line>
      </Lines>
    </Test>
    <Test Number="GE 0001">
      <Name>Init</Name>
      <Description>Init Hardware</Description>
      <Finished>True</Finished>
      <Lines>
        <Line>
          <Time>13:50:32,517</Time>
          <Text>_________Start Test: Test GE 0001 - Init</Text>
          <State>enSTE_OK</State>
        </Line>
        <Line>
          <Time>13:50:32,517</Time>
          <Text>Set Master Ports to inactive</Text>
          <State>enSTE_OK</State>
        </Line>
        <Line>
          <Time>13:50:32,599</Time>
          <Text>192.168.0.6: IO-LINK Device Set Wireshark</Text>
          <State>enSTE_OK</State>
        </Line>
        <Line>
          <Time>13:50:33,609</Time>
          <Text>Set Device Ports to inactive</Text>
          <State>enSTE_OK</State>
        </Line>
        <Line>
          <Time>13:50:33,609</Time>
          <Text>192.168.0.6: IO-LINK Device Mode Ind 0: Mode IOL_eDeviceMode_IDLE</Text>
          <State>enSTE_OK</State>
        </Line>
        <Line>
          <Time>13:50:33,609</Time>
          <Text>192.168.0.6: IO-LINK Device Port 0: Set Device Mode IOL_eDeviceMode_IDLE Result: IOL_eErrorInfo_NONE</Text>
          <State>enSTE_OK</State>
        </Line>
        <Line>
          <Time>13:50:33,609</Time>
          <Text>192.168.0.6: IO-LINK Device Port 0: Set Device Mode IOL_eDeviceMode_SIO Result: IOL_eErrorInfo_NONE</Text>
          <State>enSTE_OK</State>
        </Line>
        <Line>
          <Time>13:50:33,610</Time>
          <Text>192.168.0.6: IO-LINK Device Mode Ind 0: Mode IOL_eDeviceMode_SIO</Text>
          <State>enSTE_OK</State>
        </Line>
        <Line>
          <Time>13:50:33,610</Time>
          <Text>192.168.0.6: IO-LINK Device Port 0: Init Result IOL_eErrorInfo_NONE</Text>
          <State>enSTE_OK</State>
        </Line>
        <Line>
          <Time>13:50:33,610</Time>
          <Text>192.168.0.6: IO-LINK Device Port 0: Set TestCase</Text>
          <State>enSTE_OK</State>
        </Line>
        <Line>
          <Time>13:50:33,610</Time>
          <Text>192.168.0.6: IO-LINK Device Port 0: Set Input Res Valid: False</Text>
          <State>enSTE_OK</State>
        </Line>
        <Line>
          <Time>13:50:33,611</Time>
          <Text>192.168.0.6: IO-LINK Device Port 1: Set Device Mode IOL_eDeviceMode_IDLE Result: IOL_eErrorInfo_NONE</Text>
          <State>enSTE_OK</State>
        </Line>
        <Line>
          <Time>13:50:33,611</Time>
          <Text>192.168.0.6: IO-LINK Device Mode Ind 1: Mode IOL_eDeviceMode_IDLE</Text>
          <State>enSTE_OK</State>
        </Line>
        <Line>
          <Time>13:50:33,611</Time>
          <Text>192.168.0.6: IO-LINK Device Port 1: Init Result IOL_eErrorInfo_NONE</Text>
          <State>enSTE_OK</State>
        </Line>
        <Line>
          <Time>13:50:33,613</Time>
          <Text>192.168.0.6: IO-LINK Device Port 1: Set Device Mode IOL_eDeviceMode_SIO Result: IOL_eErrorInfo_NONE</Text>
          <State>enSTE_OK</State>
        </Line>
        <Line>
          <Time>13:50:33,613</Time>
          <Text>192.168.0.6: IO-LINK Device Mode Ind 1: Mode IOL_eDeviceMode_SIO</Text>
          <State>enSTE_OK</State>
        </Line>
        <Line>
          <Time>13:50:33,613</Time>
          <Text>192.168.0.6: IO-LINK Device Port 1: Set TestCase</Text>
          <State>enSTE_OK</State>
        </Line>
        <Line>
          <Time>13:50:33,614</Time>
          <Text>192.168.0.6: IO-LINK Device Port 1: Set Input Res Valid: False</Text>
          <State>enSTE_OK</State>
        </Line>
        <Line>
          <Time>13:50:33,614</Time>
          <Text>192.168.0.6: IO-LINK Device Mode Ind 2: Mode IOL_eDeviceMode_IDLE</Text>
          <State>enSTE_OK</State>
        </Line>
        <Line>
          <Time>13:50:33,614</Time>
          <Text>192.168.0.6: IO-LINK Device Port 2: Set Device Mode IOL_eDeviceMode_IDLE Result: IOL_eErrorInfo_NONE</Text>
          <State>enSTE_OK</State>
        </Line>
        <Line>
          <Time>13:50:33,614</Time>
          <Text>192.168.0.6: IO-LINK Device Port 2: Set Device Mode IOL_eDeviceMode_SIO Result: IOL_eErrorInfo_NONE</Text>
          <State>enSTE_OK</State>
        </Line>
        <Line>
          <Time>13:50:33,614</Time>
          <Text>192.168.0.6: IO-LINK Device Mode Ind 2: Mode IOL_eDeviceMode_SIO</Text>
          <State>enSTE_OK</State>
        </Line>
        <Line>
          <Time>13:50:33,614</Time>
          <Text>192.168.0.6: IO-LINK Device Port 2: Init Result IOL_eErrorInfo_NONE</Text>
          <State>enSTE_OK</State>
        </Line>
        <Line>
          <Time>13:50:33,615</Time>
          <Text>192.168.0.6: IO-LINK Device Port 2: Set TestCase</Text>
          <State>enSTE_OK</State>
        </Line>
        <Line>
          <Time>13:50:33,615</Time>
          <Text>192.168.0.6: IO-LINK Device Port 2: Set Input Res Valid: False</Text>
          <State>enSTE_OK</State>
        </Line>
        <Line>
          <Time>13:50:34,116</Time>
          <Text>Set Default Listener</Text>
          <State>enSTE_OK</State>
        </Line>
        <Line>
          <Time>13:50:34,116</Time>
          <Text>192.168.0.6: IO-LINK Device Set Abort Listener</Text>
          <State>enSTE_OK</State>
        </Line>
        <Line>
          <Time>13:50:34,117</Time>
          <Text>192.168.0.6: IO-LINK Device Set Read Listener</Text>
          <State>enSTE_OK</State>
        </Line>
        <Line>
          <Time>13:50:34,117</Time>
          <Text>192.168.0.6: IO-LINK Device Set Write Listener</Text>
          <State>enSTE_OK</State>
        </Line>
        <Line>
          <Time>13:50:34,117</Time>
          <Text>192.168.0.6: IO-LINK Device Set Mode Listener</Text>
          <State>enSTE_OK</State>
        </Line>
        <Line>
          <Time>13:50:34,117</Time>
          <Text>Finished Test: Test GE 0001 - Init</Text>
          <State>enSTE_OK</State>
        </Line>
      </Lines>
    </Test>
    <Test Number="SDCI_TC_0239">
      <Name>ISDU Derived No Busy</Name>
      <Description>ISDU Write response without "Device busy" bit indication reports Derived ErrorType.  </Description>
      <Finished>True</Finished>
      <Lines>
        <Line>
          <Time>13:50:34,117</Time>
          <Text>_________Start Test: Test SDCI_TC_0239 - ISDU Derived No Busy</Text>
          <State>enSTE_OK</State>
        </Line>
        <Line>
          <Time>13:50:34,118</Time>
          <Text>192.168.0.6: IO-LINK Device Set Write Listener</Text>
          <State>enSTE_OK</State>
        </Line>
        <Line>
          <Time>13:50:34,118</Time>
          <Text>Set Device Parameter</Text>
          <State>enSTE_OK</State>
        </Line>
        <Line>
          <Time>13:50:34,118</Time>
          <Text>Device Revision: 17</Text>
          <State>enSTE_OK</State>
        </Line>
        <Line>
          <Time>13:50:34,119</Time>
          <Text>192.168.0.6: IO-LINK Device Port 0: Set Device Mode IOL_eDeviceMode_IDLE Result: IOL_eErrorInfo_NONE</Text>
          <State>enSTE_OK</State>
        </Line>
        <Line>
          <Time>13:50:34,119</Time>
          <Text>192.168.0.6: IO-LINK Device Mode Ind 0: Mode IOL_eDeviceMode_IDLE</Text>
          <State>enSTE_OK</State>
        </Line>
        <Line>
          <Time>13:50:34,119</Time>
          <Text>192.168.0.6: IO-LINK Device Port 0: Init Result IOL_eErrorInfo_NONE</Text>
          <State>enSTE_OK</State>
        </Line>
        <Line>
          <Time>13:50:34,119</Time>
          <Text>192.168.0.6: IO-LINK Device Port 0: Set Device Mode IOL_eDeviceMode_SIO Result: IOL_eErrorInfo_NONE</Text>
          <State>enSTE_OK</State>
        </Line>
        <Line>
          <Time>13:50:34,119</Time>
          <Text>192.168.0.6: IO-LINK Device Mode Ind 0: Mode IOL_eDeviceMode_SIO</Text>
          <State>enSTE_OK</State>
        </Line>
        <Line>
          <Time>13:50:34,119</Time>
          <Text>192.168.0.6: IO-LINK Device Port 0: Set Device Mode IOL_eDeviceMode_SIO Result: IOL_eErrorInfo_NONE</Text>
          <State>enSTE_OK</State>
        </Line>
        <Line>
          <Time>13:50:34,122</Time>
          <Text>192.168.0.6: IO-LINK Device Set Wireshark</Text>
          <State>enSTE_OK</State>
        </Line>
        <Line>
          <Time>13:50:34,123</Time>
          <Text>192.168.0.6: IO-LINK Device Port 0: Set TestCase</Text>
          <State>enSTE_OK</State>
        </Line>
        <Line>
          <Time>13:50:34,123</Time>
          <Text>Start Master</Text>
          <State>enSTE_OK</State>
        </Line>
        <Line>
          <Time>13:50:34,123</Time>
          <Text>Target Mode: IOL_eTargetMode_AUTOCOM</Text>
          <State>enSTE_OK</State>
        </Line>
        <Line>
          <Time>13:50:34,123</Time>
          <Text>Inspection: IOL_eInspectionLevel_NO_CHECK</Text>
          <State>enSTE_OK</State>
        </Line>
        <Line>
          <Time>13:50:34,129</Time>
          <Text>192.168.0.6: IO-LINK Device Mode Ind 0: Mode IOL_eDeviceMode_ESTABCOM</Text>
          <State>enSTE_OK</State>
        </Line>
        <Line>
          <Time>13:50:34,131</Time>
          <Text>192.168.0.6: IO-LINK Device Mode Ind 0: Mode IOL_eDeviceMode_COMx</Text>
          <State>enSTE_OK</State>
        </Line>
        <Line>
          <Time>13:50:34,131</Time>
          <Text>192.168.0.6: IO-LINK Device Mode Ind 0: Mode IOL_eDeviceMode_STARTUP</Text>
          <State>enSTE_OK</State>
        </Line>
        <Line>
          <Time>13:50:34,391</Time>
          <Text>192.168.0.6: IO-LINK Device Mode Ind 0: Mode IOL_eDeviceMode_IDENT_STARTUP</Text>
          <State>enSTE_OK</State>
        </Line>
        <Line>
          <Time>13:50:34,804</Time>
          <Text>192.168.0.6: IO-LINK Device Mode Ind 0: Mode IOL_eDeviceMode_PREOPERATE</Text>
          <State>enSTE_OK</State>
        </Line>
        <Line>
          <Time>13:50:34,911</Time>
          <Text>192.168.0.6: IO-LINK Device Port 0: AL Read Index 21 Subindex 0</Text>
          <State>enSTE_OK</State>
        </Line>
        <Line>
          <Time>13:50:34,911</Time>
          <Text>192.168.0.6: IO-LINK Device Port 0: AL Read Res: 0</Text>
          <State>enSTE_OK</State>
        </Line>
        <Line>
          <Time>13:50:35,582</Time>
          <Text>192.168.0.6: IO-LINK Device Mode Ind 0: Mode IOL_eDeviceMode_OPERATE</Text>
          <State>enSTE_OK</State>
        </Line>
        <Line>
          <Time>13:50:35,648</Time>
          <Text>192.168.0.6: IO-LINK Device Port 0: Set TestCase</Text>
          <State>enSTE_OK</State>
        </Line>
        <Line>
          <Time>13:50:35,648</Time>
          <Text>Set Testcase: 239</Text>
          <State>enSTE_OK</State>
        </Line>
        <Line>
          <Time>13:50:35,897</Time>
          <Text>Write Value: 00 </Text>
          <State>enSTE_OK</State>
        </Line>
        <Line>
          <Time>13:50:36,111</Time>
          <Text>Stop Communication</Text>
          <State>enSTE_OK</State>
        </Line>
        <Line>
          <Time>13:50:36,240</Time>
          <Text>192.168.0.6: IO-LINK Device Port 0: Set Device Mode IOL_eDeviceMode_IDLE Result: IOL_eErrorInfo_NONE</Text>
          <State>enSTE_OK</State>
        </Line>
        <Line>
          <Time>13:50:36,240</Time>
          <Text>192.168.0.6: IO-LINK Device Mode Ind 0: Mode IOL_eDeviceMode_IDLE</Text>
          <State>enSTE_OK</State>
        </Line>
        <Line>
          <Time>13:50:36,241</Time>
          <Text>192.168.0.6: IO-LINK Device Port 0: Set Device Mode IOL_eDeviceMode_SIO Result: IOL_eErrorInfo_NONE</Text>
          <State>enSTE_OK</State>
        </Line>
        <Line>
          <Time>13:50:36,241</Time>
          <Text>192.168.0.6: IO-LINK Device Mode Ind 0: Mode IOL_eDeviceMode_SIO</Text>
          <State>enSTE_OK</State>
        </Line>
        <Line>
          <Time>13:50:36,505</Time>
          <Text>192.168.0.6: IO-LINK Device Mode Ind 0: Mode IOL_eDeviceMode_IDLE</Text>
          <State>enSTE_OK</State>
        </Line>
        <Line>
          <Time>13:50:36,505</Time>
          <Text>192.168.0.6: IO-LINK Device Port 0: Set Device Mode IOL_eDeviceMode_SIO Result: IOL_eErrorInfo_NONE</Text>
          <State>enSTE_OK</State>
        </Line>
        <Line>
          <Time>13:50:36,505</Time>
          <Text>192.168.0.6: IO-LINK Device Mode Ind 0: Mode IOL_eDeviceMode_SIO</Text>
          <State>enSTE_OK</State>
        </Line>
        <Line>
          <Time>13:50:36,843</Time>
          <Text>192.168.0.6: IO-LINK Device Set Wireshark</Text>
          <State>enSTE_OK</State>
        </Line>
        <Line>
          <Time>13:50:36,844</Time>
          <Text>Start Line Analyzer</Text>
          <State>enSTE_OK</State>
        </Line>
        <Line>
          <Time>13:50:36,844</Time>
          <Text>Found Pattern: Page Write IOL_eDirectParam_MasterCommand Value: IOL_eMasterCommand_DeviceOperate</Text>
          <State>enSTE_OK</State>
        </Line>
        <Line>
          <Time>13:50:36,844</Time>
          <Text>Found Pattern: ISDU Write Req 16376/0 Length: 1</Text>
          <State>enSTE_OK</State>
        </Line>
        <Line>
          <Time>13:50:36,844</Time>
          <Text>Found Pattern: Info ISDUNoService</Text>
          <State>enSTE_OK</State>
        </Line>
        <Line>
          <Time>13:50:36,844</Time>
          <Text>Found Pattern: ISDU Abort Req</Text>
          <State>enSTE_OK</State>
        </Line>
        <Line>
          <Time>13:50:36,844</Time>
          <Text>Found No Pattern: ISDU Write Rsp IOL_eErrorType_NONE</Text>
          <State>enSTE_OK</State>
        </Line>
        <Line>
          <Time>13:50:36,844</Time>
          <Text>Test finished without Errors -&gt; passed</Text>
          <State>enSTE_OK</State>
        </Line>
        <Line>
          <Time>13:50:36,845</Time>
          <Text>192.168.0.6: IO-LINK Device Set Abort Listener</Text>
          <State>enSTE_OK</State>
        </Line>
        <Line>
          <Time>13:50:36,845</Time>
          <Text>192.168.0.6: IO-LINK Device Set Read Listener</Text>
          <State>enSTE_OK</State>
        </Line>
        <Line>
          <Time>13:50:36,848</Time>
          <Text>192.168.0.6: IO-LINK Device Set Write Listener</Text>
          <State>enSTE_OK</State>
        </Line>
        <Line>
          <Time>13:50:36,848</Time>
          <Text>192.168.0.6: IO-LINK Device Set Mode Listener</Text>
          <State>enSTE_OK</State>
        </Line>
        <Line>
          <Time>13:50:36,848</Time>
          <Text>192.168.0.6: IO-LINK Device Port 0: Set TestCase</Text>
          <State>enSTE_OK</State>
        </Line>
        <Line>
          <Time>13:50:36,852</Time>
          <Text>Finished Test: Test SDCI_TC_0239 - ISDU Derived No Busy</Text>
          <State>enSTE_OK</State>
        </Line>
      </Lines>
    </Test>
    <Test Number="SDCI_TC_0240">
      <Name>ISDU Derived Timeout after Busy</Name>
      <Description>ISDU Write response with timeout after busy indication reports Derived ErrorType </Description>
      <Finished>True</Finished>
      <Lines>
        <Line>
          <Time>13:50:36,852</Time>
          <Text>_________Start Test: Test SDCI_TC_0240 - ISDU Derived Timeout after Busy</Text>
          <State>enSTE_OK</State>
        </Line>
        <Line>
          <Time>13:50:36,852</Time>
          <Text>192.168.0.6: IO-LINK Device Set Write Listener</Text>
          <State>enSTE_OK</State>
        </Line>
        <Line>
          <Time>13:50:36,852</Time>
          <Text>Set Device Parameter</Text>
          <State>enSTE_OK</State>
        </Line>
        <Line>
          <Time>13:50:36,852</Time>
          <Text>Device Revision: 17</Text>
          <State>enSTE_OK</State>
        </Line>
        <Line>
          <Time>13:50:36,852</Time>
          <Text>192.168.0.6: IO-LINK Device Port 0: Set Device Mode IOL_eDeviceMode_IDLE Result: IOL_eErrorInfo_NONE</Text>
          <State>enSTE_OK</State>
        </Line>
        <Line>
          <Time>13:50:36,852</Time>
          <Text>192.168.0.6: IO-LINK Device Mode Ind 0: Mode IOL_eDeviceMode_IDLE</Text>
          <State>enSTE_OK</State>
        </Line>
        <Line>
          <Time>13:50:36,853</Time>
          <Text>192.168.0.6: IO-LINK Device Port 0: Init Result IOL_eErrorInfo_NONE</Text>
          <State>enSTE_OK</State>
        </Line>
        <Line>
          <Time>13:50:36,853</Time>
          <Text>192.168.0.6: IO-LINK Device Port 0: Set Device Mode IOL_eDeviceMode_SIO Result: IOL_eErrorInfo_NONE</Text>
          <State>enSTE_OK</State>
        </Line>
        <Line>
          <Time>13:50:36,853</Time>
          <Text>192.168.0.6: IO-LINK Device Mode Ind 0: Mode IOL_eDeviceMode_SIO</Text>
          <State>enSTE_OK</State>
        </Line>
        <Line>
          <Time>13:50:36,853</Time>
          <Text>192.168.0.6: IO-LINK Device Port 0: Set Device Mode IOL_eDeviceMode_SIO Result: IOL_eErrorInfo_NONE</Text>
          <State>enSTE_OK</State>
        </Line>
        <Line>
          <Time>13:50:36,854</Time>
          <Text>192.168.0.6: IO-LINK Device Set Wireshark</Text>
          <State>enSTE_OK</State>
        </Line>
        <Line>
          <Time>13:50:36,855</Time>
          <Text>192.168.0.6: IO-LINK Device Port 0: Set TestCase</Text>
          <State>enSTE_OK</State>
        </Line>
        <Line>
          <Time>13:50:36,855</Time>
          <Text>Start Master</Text>
          <State>enSTE_OK</State>
        </Line>
        <Line>
          <Time>13:50:36,855</Time>
          <Text>Target Mode: IOL_eTargetMode_AUTOCOM</Text>
          <State>enSTE_OK</State>
        </Line>
        <Line>
          <Time>13:50:36,855</Time>
          <Text>Inspection: IOL_eInspectionLevel_NO_CHECK</Text>
          <State>enSTE_OK</State>
        </Line>
        <Line>
          <Time>13:50:36,861</Time>
          <Text>192.168.0.6: IO-LINK Device Mode Ind 0: Mode IOL_eDeviceMode_ESTABCOM</Text>
          <State>enSTE_OK</State>
        </Line>
        <Line>
          <Time>13:50:36,863</Time>
          <Text>192.168.0.6: IO-LINK Device Mode Ind 0: Mode IOL_eDeviceMode_COMx</Text>
          <State>enSTE_OK</State>
        </Line>
        <Line>
          <Time>13:50:36,863</Time>
          <Text>192.168.0.6: IO-LINK Device Mode Ind 0: Mode IOL_eDeviceMode_STARTUP</Text>
          <State>enSTE_OK</State>
        </Line>
        <Line>
          <Time>13:50:37,123</Time>
          <Text>192.168.0.6: IO-LINK Device Mode Ind 0: Mode IOL_eDeviceMode_IDENT_STARTUP</Text>
          <State>enSTE_OK</State>
        </Line>
        <Line>
          <Time>13:50:37,537</Time>
          <Text>192.168.0.6: IO-LINK Device Mode Ind 0: Mode IOL_eDeviceMode_PREOPERATE</Text>
          <State>enSTE_OK</State>
        </Line>
        <Line>
          <Time>13:50:37,642</Time>
          <Text>192.168.0.6: IO-LINK Device Port 0: AL Read Index 21 Subindex 0</Text>
          <State>enSTE_OK</State>
        </Line>
        <Line>
          <Time>13:50:37,644</Time>
          <Text>192.168.0.6: IO-LINK Device Port 0: AL Read Res: 0</Text>
          <State>enSTE_OK</State>
        </Line>
        <Line>
          <Time>13:50:38,314</Time>
          <Text>192.168.0.6: IO-LINK Device Mode Ind 0: Mode IOL_eDeviceMode_OPERATE</Text>
          <State>enSTE_OK</State>
        </Line>
        <Line>
          <Time>13:50:38,575</Time>
          <Text>192.168.0.6: IO-LINK Device Port 0: AL Write Index 16376 Subindex 0</Text>
          <State>enSTE_OK</State>
        </Line>
        <Line>
          <Time>13:50:43,905</Time>
          <Text>Write Value: 00 </Text>
          <State>enSTE_OK</State>
        </Line>
        <Line>
          <Time>13:50:44,116</Time>
          <Text>Stop Communication</Text>
          <State>enSTE_OK</State>
        </Line>
        <Line>
          <Time>13:50:44,245</Time>
          <Text>192.168.0.6: IO-LINK Device Port 0: Set Device Mode IOL_eDeviceMode_IDLE Result: IOL_eErrorInfo_NONE</Text>
          <State>enSTE_OK</State>
        </Line>
        <Line>
          <Time>13:50:44,245</Time>
          <Text>192.168.0.6: IO-LINK Device Mode Ind 0: Mode IOL_eDeviceMode_IDLE</Text>
          <State>enSTE_OK</State>
        </Line>
        <Line>
          <Time>13:50:44,246</Time>
          <Text>192.168.0.6: IO-LINK Device Port 0: Set Device Mode IOL_eDeviceMode_SIO Result: IOL_eErrorInfo_NONE</Text>
          <State>enSTE_OK</State>
        </Line>
        <Line>
          <Time>13:50:44,246</Time>
          <Text>192.168.0.6: IO-LINK Device Mode Ind 0: Mode IOL_eDeviceMode_SIO</Text>
          <State>enSTE_OK</State>
        </Line>
        <Line>
          <Time>13:50:44,513</Time>
          <Text>192.168.0.6: IO-LINK Device Mode Ind 0: Mode IOL_eDeviceMode_IDLE</Text>
          <State>enSTE_OK</State>
        </Line>
        <Line>
          <Time>13:50:44,513</Time>
          <Text>192.168.0.6: IO-LINK Device Port 0: Set Device Mode IOL_eDeviceMode_SIO Result: IOL_eErrorInfo_NONE</Text>
          <State>enSTE_OK</State>
        </Line>
        <Line>
          <Time>13:50:44,513</Time>
          <Text>192.168.0.6: IO-LINK Device Mode Ind 0: Mode IOL_eDeviceMode_SIO</Text>
          <State>enSTE_OK</State>
        </Line>
        <Line>
          <Time>13:50:44,860</Time>
          <Text>192.168.0.6: IO-LINK Device Set Wireshark</Text>
          <State>enSTE_OK</State>
        </Line>
        <Line>
          <Time>13:50:44,861</Time>
          <Text>Start Line Analyzer</Text>
          <State>enSTE_OK</State>
        </Line>
        <Line>
          <Time>13:50:44,861</Time>
          <Text>Found Pattern: Page Write IOL_eDirectParam_MasterCommand Value: IOL_eMasterCommand_DeviceOperate</Text>
          <State>enSTE_OK</State>
        </Line>
        <Line>
          <Time>13:50:44,861</Time>
          <Text>Found Pattern: ISDU Write Req 16376/0 Length: 1</Text>
          <State>enSTE_OK</State>
        </Line>
        <Line>
          <Time>13:50:44,861</Time>
          <Text>Found Pattern: Info ISDUBusy</Text>
          <State>enSTE_OK</State>
        </Line>
        <Line>
          <Time>13:50:44,861</Time>
          <Text>Found No Pattern: ISDU Write Rsp IOL_eErrorType_NONE</Text>
          <State>enSTE_OK</State>
        </Line>
        <Line>
          <Time>13:50:44,861</Time>
          <Text>Found Pattern: ISDU Abort Req</Text>
          <State>enSTE_OK</State>
        </Line>
        <Line>
          <Time>13:50:44,861</Time>
          <Text>Test finished without Errors -&gt; passed</Text>
          <State>enSTE_OK</State>
        </Line>
        <Line>
          <Time>13:50:44,862</Time>
          <Text>192.168.0.6: IO-LINK Device Set Abort Listener</Text>
          <State>enSTE_OK</State>
        </Line>
        <Line>
          <Time>13:50:44,862</Time>
          <Text>192.168.0.6: IO-LINK Device Set Read Listener</Text>
          <State>enSTE_OK</State>
        </Line>
        <Line>
          <Time>13:50:44,862</Time>
          <Text>192.168.0.6: IO-LINK Device Set Write Listener</Text>
          <State>enSTE_OK</State>
        </Line>
        <Line>
          <Time>13:50:44,863</Time>
          <Text>192.168.0.6: IO-LINK Device Set Mode Listener</Text>
          <State>enSTE_OK</State>
        </Line>
        <Line>
          <Time>13:50:44,863</Time>
          <Text>192.168.0.6: IO-LINK Device Port 0: Set TestCase</Text>
          <State>enSTE_OK</State>
        </Line>
        <Line>
          <Time>13:50:44,866</Time>
          <Text>Finished Test: Test SDCI_TC_0240 - ISDU Derived Timeout after Busy</Text>
          <State>enSTE_OK</State>
        </Line>
      </Lines>
    </Test>
    <Test Number="SDCI_TC_0241">
      <Name>ISDU Derived Illegal service code</Name>
      <Description>ISDU Write response with illegal service code reports Derived ErrorType</Description>
      <Finished>True</Finished>
      <Lines>
        <Line>
          <Time>13:50:44,866</Time>
          <Text>_________Start Test: Test SDCI_TC_0241 - ISDU Derived Illegal service code</Text>
          <State>enSTE_OK</State>
        </Line>
        <Line>
          <Time>13:50:44,866</Time>
          <Text>192.168.0.6: IO-LINK Device Set Write Listener</Text>
          <State>enSTE_OK</State>
        </Line>
        <Line>
          <Time>13:50:44,866</Time>
          <Text>Set Device Parameter</Text>
          <State>enSTE_OK</State>
        </Line>
        <Line>
          <Time>13:50:44,866</Time>
          <Text>Device Revision: 17</Text>
          <State>enSTE_OK</State>
        </Line>
        <Line>
          <Time>13:50:44,867</Time>
          <Text>192.168.0.6: IO-LINK Device Port 0: Set Device Mode IOL_eDeviceMode_IDLE Result: IOL_eErrorInfo_NONE</Text>
          <State>enSTE_OK</State>
        </Line>
        <Line>
          <Time>13:50:44,867</Time>
          <Text>192.168.0.6: IO-LINK Device Mode Ind 0: Mode IOL_eDeviceMode_IDLE</Text>
          <State>enSTE_OK</State>
        </Line>
        <Line>
          <Time>13:50:44,867</Time>
          <Text>192.168.0.6: IO-LINK Device Port 0: Init Result IOL_eErrorInfo_NONE</Text>
          <State>enSTE_OK</State>
        </Line>
        <Line>
          <Time>13:50:44,867</Time>
          <Text>192.168.0.6: IO-LINK Device Port 0: Set Device Mode IOL_eDeviceMode_SIO Result: IOL_eErrorInfo_NONE</Text>
          <State>enSTE_OK</State>
        </Line>
        <Line>
          <Time>13:50:44,867</Time>
          <Text>192.168.0.6: IO-LINK Device Mode Ind 0: Mode IOL_eDeviceMode_SIO</Text>
          <State>enSTE_OK</State>
        </Line>
        <Line>
          <Time>13:50:44,868</Time>
          <Text>192.168.0.6: IO-LINK Device Port 0: Set Device Mode IOL_eDeviceMode_SIO Result: IOL_eErrorInfo_NONE</Text>
          <State>enSTE_OK</State>
        </Line>
        <Line>
          <Time>13:50:44,869</Time>
          <Text>192.168.0.6: IO-LINK Device Set Wireshark</Text>
          <State>enSTE_OK</State>
        </Line>
        <Line>
          <Time>13:50:44,869</Time>
          <Text>192.168.0.6: IO-LINK Device Port 0: Set TestCase</Text>
          <State>enSTE_OK</State>
        </Line>
        <Line>
          <Time>13:50:44,869</Time>
          <Text>Start Master</Text>
          <State>enSTE_OK</State>
        </Line>
        <Line>
          <Time>13:50:44,869</Time>
          <Text>Target Mode: IOL_eTargetMode_AUTOCOM</Text>
          <State>enSTE_OK</State>
        </Line>
        <Line>
          <Time>13:50:44,869</Time>
          <Text>Inspection: IOL_eInspectionLevel_NO_CHECK</Text>
          <State>enSTE_OK</State>
        </Line>
        <Line>
          <Time>13:50:44,877</Time>
          <Text>192.168.0.6: IO-LINK Device Mode Ind 0: Mode IOL_eDeviceMode_ESTABCOM</Text>
          <State>enSTE_OK</State>
        </Line>
        <Line>
          <Time>13:50:44,879</Time>
          <Text>192.168.0.6: IO-LINK Device Mode Ind 0: Mode IOL_eDeviceMode_COMx</Text>
          <State>enSTE_OK</State>
        </Line>
        <Line>
          <Time>13:50:44,879</Time>
          <Text>192.168.0.6: IO-LINK Device Mode Ind 0: Mode IOL_eDeviceMode_STARTUP</Text>
          <State>enSTE_OK</State>
        </Line>
        <Line>
          <Time>13:50:45,139</Time>
          <Text>192.168.0.6: IO-LINK Device Mode Ind 0: Mode IOL_eDeviceMode_IDENT_STARTUP</Text>
          <State>enSTE_OK</State>
        </Line>
        <Line>
          <Time>13:50:45,553</Time>
          <Text>192.168.0.6: IO-LINK Device Mode Ind 0: Mode IOL_eDeviceMode_PREOPERATE</Text>
          <State>enSTE_OK</State>
        </Line>
        <Line>
          <Time>13:50:45,658</Time>
          <Text>192.168.0.6: IO-LINK Device Port 0: AL Read Index 21 Subindex 0</Text>
          <State>enSTE_OK</State>
        </Line>
        <Line>
          <Time>13:50:45,658</Time>
          <Text>192.168.0.6: IO-LINK Device Port 0: AL Read Res: 0</Text>
          <State>enSTE_OK</State>
        </Line>
        <Line>
          <Time>13:50:46,331</Time>
          <Text>192.168.0.6: IO-LINK Device Mode Ind 0: Mode IOL_eDeviceMode_OPERATE</Text>
          <State>enSTE_OK</State>
        </Line>
        <Line>
          <Time>13:50:46,399</Time>
          <Text>192.168.0.6: IO-LINK Device Port 0: Set TestCase</Text>
          <State>enSTE_OK</State>
        </Line>
        <Line>
          <Time>13:50:46,399</Time>
          <Text>Set Testcase: 241</Text>
          <State>enSTE_OK</State>
        </Line>
        <Line>
          <Time>13:50:46,592</Time>
          <Text>192.168.0.6: IO-LINK Device Port 0: AL Write Index 16374 Subindex 0</Text>
          <State>enSTE_OK</State>
        </Line>
        <Line>
          <Time>13:50:46,592</Time>
          <Text>192.168.0.6: IO-LINK Device Port 0: AL Write Res: 32785</Text>
          <State>enSTE_OK</State>
        </Line>
        <Line>
          <Time>13:50:46,646</Time>
          <Text>Write Value: 00 </Text>
          <State>enSTE_OK</State>
        </Line>
        <Line>
          <Time>13:50:46,860</Time>
          <Text>Stop Communication</Text>
          <State>enSTE_OK</State>
        </Line>
        <Line>
          <Time>13:50:46,975</Time>
          <Text>192.168.0.6: IO-LINK Device Mode Ind 0: Mode IOL_eDeviceMode_IDLE</Text>
          <State>enSTE_OK</State>
        </Line>
        <Line>
          <Time>13:50:46,975</Time>
          <Text>192.168.0.6: IO-LINK Device Port 0: Set Device Mode IOL_eDeviceMode_IDLE Result: IOL_eErrorInfo_NONE</Text>
          <State>enSTE_OK</State>
        </Line>
        <Line>
          <Time>13:50:46,976</Time>
          <Text>192.168.0.6: IO-LINK Device Port 0: Set Device Mode IOL_eDeviceMode_SIO Result: IOL_eErrorInfo_NONE</Text>
          <State>enSTE_OK</State>
        </Line>
        <Line>
          <Time>13:50:46,976</Time>
          <Text>192.168.0.6: IO-LINK Device Mode Ind 0: Mode IOL_eDeviceMode_SIO</Text>
          <State>enSTE_OK</State>
        </Line>
        <Line>
          <Time>13:50:47,254</Time>
          <Text>192.168.0.6: IO-LINK Device Mode Ind 0: Mode IOL_eDeviceMode_IDLE</Text>
          <State>enSTE_OK</State>
        </Line>
        <Line>
          <Time>13:50:47,255</Time>
          <Text>192.168.0.6: IO-LINK Device Port 0: Set Device Mode IOL_eDeviceMode_SIO Result: IOL_eErrorInfo_NONE</Text>
          <State>enSTE_OK</State>
        </Line>
        <Line>
          <Time>13:50:47,255</Time>
          <Text>192.168.0.6: IO-LINK Device Mode Ind 0: Mode IOL_eDeviceMode_SIO</Text>
          <State>enSTE_OK</State>
        </Line>
        <Line>
          <Time>13:50:47,589</Time>
          <Text>192.168.0.6: IO-LINK Device Set Wireshark</Text>
          <State>enSTE_OK</State>
        </Line>
        <Line>
          <Time>13:50:47,590</Time>
          <Text>Start Line Analyzer</Text>
          <State>enSTE_OK</State>
        </Line>
        <Line>
          <Time>13:50:47,590</Time>
          <Text>Found Pattern: Page Write IOL_eDirectParam_MasterCommand Value: IOL_eMasterCommand_DeviceOperate</Text>
          <State>enSTE_OK</State>
        </Line>
        <Line>
          <Time>13:50:47,590</Time>
          <Text>Found Pattern: ISDU Write Req 16374/0 Length: 1</Text>
          <State>enSTE_OK</State>
        </Line>
        <Line>
          <Time>13:50:47,590</Time>
          <Text>Found Pattern: ISDU Abort Req</Text>
          <State>enSTE_OK</State>
        </Line>
        <Line>
          <Time>13:50:47,590</Time>
          <Text>Test finished without Errors -&gt; passed</Text>
          <State>enSTE_OK</State>
        </Line>
        <Line>
          <Time>13:50:47,590</Time>
          <Text>192.168.0.6: IO-LINK Device Set Abort Listener</Text>
          <State>enSTE_OK</State>
        </Line>
        <Line>
          <Time>13:50:47,591</Time>
          <Text>192.168.0.6: IO-LINK Device Set Read Listener</Text>
          <State>enSTE_OK</State>
        </Line>
        <Line>
          <Time>13:50:47,591</Time>
          <Text>192.168.0.6: IO-LINK Device Set Write Listener</Text>
          <State>enSTE_OK</State>
        </Line>
        <Line>
          <Time>13:50:47,592</Time>
          <Text>192.168.0.6: IO-LINK Device Set Mode Listener</Text>
          <State>enSTE_OK</State>
        </Line>
        <Line>
          <Time>13:50:47,592</Time>
          <Text>192.168.0.6: IO-LINK Device Port 0: Set TestCase</Text>
          <State>enSTE_OK</State>
        </Line>
        <Line>
          <Time>13:50:47,595</Time>
          <Text>Finished Test: Test SDCI_TC_0241 - ISDU Derived Illegal service code</Text>
          <State>enSTE_OK</State>
        </Line>
      </Lines>
    </Test>
    <Test Number="SDCI_TC_0242">
      <Name>ISDU Derived Checksum Fault</Name>
      <Description>ISDU Write response with wrong checksum (CHKPDU) reports Derived ErrorType.</Description>
      <Finished>True</Finished>
      <Lines>
        <Line>
          <Time>13:50:47,595</Time>
          <Text>_________Start Test: Test SDCI_TC_0242 - ISDU Derived Checksum Fault</Text>
          <State>enSTE_OK</State>
        </Line>
        <Line>
          <Time>13:50:47,595</Time>
          <Text>192.168.0.6: IO-LINK Device Set Write Listener</Text>
          <State>enSTE_OK</State>
        </Line>
        <Line>
          <Time>13:50:47,596</Time>
          <Text>Set Device Parameter</Text>
          <State>enSTE_OK</State>
        </Line>
        <Line>
          <Time>13:50:47,596</Time>
          <Text>Device Revision: 17</Text>
          <State>enSTE_OK</State>
        </Line>
        <Line>
          <Time>13:50:47,596</Time>
          <Text>192.168.0.6: IO-LINK Device Port 0: Set Device Mode IOL_eDeviceMode_IDLE Result: IOL_eErrorInfo_NONE</Text>
          <State>enSTE_OK</State>
        </Line>
        <Line>
          <Time>13:50:47,596</Time>
          <Text>192.168.0.6: IO-LINK Device Mode Ind 0: Mode IOL_eDeviceMode_IDLE</Text>
          <State>enSTE_OK</State>
        </Line>
        <Line>
          <Time>13:50:47,596</Time>
          <Text>192.168.0.6: IO-LINK Device Port 0: Init Result IOL_eErrorInfo_NONE</Text>
          <State>enSTE_OK</State>
        </Line>
        <Line>
          <Time>13:50:47,596</Time>
          <Text>192.168.0.6: IO-LINK Device Port 0: Set Device Mode IOL_eDeviceMode_SIO Result: IOL_eErrorInfo_NONE</Text>
          <State>enSTE_OK</State>
        </Line>
        <Line>
          <Time>13:50:47,596</Time>
          <Text>192.168.0.6: IO-LINK Device Mode Ind 0: Mode IOL_eDeviceMode_SIO</Text>
          <State>enSTE_OK</State>
        </Line>
        <Line>
          <Time>13:50:47,597</Time>
          <Text>192.168.0.6: IO-LINK Device Port 0: Set Device Mode IOL_eDeviceMode_SIO Result: IOL_eErrorInfo_NONE</Text>
          <State>enSTE_OK</State>
        </Line>
        <Line>
          <Time>13:50:47,602</Time>
          <Text>192.168.0.6: IO-LINK Device Set Wireshark</Text>
          <State>enSTE_OK</State>
        </Line>
        <Line>
          <Time>13:50:47,603</Time>
          <Text>192.168.0.6: IO-LINK Device Port 0: Set TestCase</Text>
          <State>enSTE_OK</State>
        </Line>
        <Line>
          <Time>13:50:47,603</Time>
          <Text>Start Master</Text>
          <State>enSTE_OK</State>
        </Line>
        <Line>
          <Time>13:50:47,603</Time>
          <Text>Target Mode: IOL_eTargetMode_AUTOCOM</Text>
          <State>enSTE_OK</State>
        </Line>
        <Line>
          <Time>13:50:47,603</Time>
          <Text>Inspection: IOL_eInspectionLevel_NO_CHECK</Text>
          <State>enSTE_OK</State>
        </Line>
        <Line>
          <Time>13:50:47,609</Time>
          <Text>192.168.0.6: IO-LINK Device Mode Ind 0: Mode IOL_eDeviceMode_ESTABCOM</Text>
          <State>enSTE_OK</State>
        </Line>
        <Line>
          <Time>13:50:47,611</Time>
          <Text>192.168.0.6: IO-LINK Device Mode Ind 0: Mode IOL_eDeviceMode_COMx</Text>
          <State>enSTE_OK</State>
        </Line>
        <Line>
          <Time>13:50:47,611</Time>
          <Text>192.168.0.6: IO-LINK Device Mode Ind 0: Mode IOL_eDeviceMode_STARTUP</Text>
          <State>enSTE_OK</State>
        </Line>
        <Line>
          <Time>13:50:47,871</Time>
          <Text>192.168.0.6: IO-LINK Device Mode Ind 0: Mode IOL_eDeviceMode_IDENT_STARTUP</Text>
          <State>enSTE_OK</State>
        </Line>
        <Line>
          <Time>13:50:48,285</Time>
          <Text>192.168.0.6: IO-LINK Device Mode Ind 0: Mode IOL_eDeviceMode_PREOPERATE</Text>
          <State>enSTE_OK</State>
        </Line>
        <Line>
          <Time>13:50:48,390</Time>
          <Text>192.168.0.6: IO-LINK Device Port 0: AL Read Index 21 Subindex 0</Text>
          <State>enSTE_OK</State>
        </Line>
        <Line>
          <Time>13:50:48,390</Time>
          <Text>192.168.0.6: IO-LINK Device Port 0: AL Read Res: 0</Text>
          <State>enSTE_OK</State>
        </Line>
        <Line>
          <Time>13:50:49,062</Time>
          <Text>192.168.0.6: IO-LINK Device Mode Ind 0: Mode IOL_eDeviceMode_OPERATE</Text>
          <State>enSTE_OK</State>
        </Line>
        <Line>
          <Time>13:50:49,130</Time>
          <Text>192.168.0.6: IO-LINK Device Port 0: Set TestCase</Text>
          <State>enSTE_OK</State>
        </Line>
        <Line>
          <Time>13:50:49,130</Time>
          <Text>Set Testcase: 242</Text>
          <State>enSTE_OK</State>
        </Line>
        <Line>
          <Time>13:50:49,323</Time>
          <Text>192.168.0.6: IO-LINK Device Port 0: AL Write Index 16373 Subindex 0</Text>
          <State>enSTE_OK</State>
        </Line>
        <Line>
          <Time>13:50:49,324</Time>
          <Text>192.168.0.6: IO-LINK Device Port 0: AL Write Res: 32785</Text>
          <State>enSTE_OK</State>
        </Line>
        <Line>
          <Time>13:50:49,429</Time>
          <Text>Write Value: 00 </Text>
          <State>enSTE_OK</State>
        </Line>
        <Line>
          <Time>13:50:49,639</Time>
          <Text>Stop Communication</Text>
          <State>enSTE_OK</State>
        </Line>
        <Line>
          <Time>13:50:49,754</Time>
          <Text>192.168.0.6: IO-LINK Device Port 0: Set Device Mode IOL_eDeviceMode_IDLE Result: IOL_eErrorInfo_NONE</Text>
          <State>enSTE_OK</State>
        </Line>
        <Line>
          <Time>13:50:49,754</Time>
          <Text>192.168.0.6: IO-LINK Device Mode Ind 0: Mode IOL_eDeviceMode_IDLE</Text>
          <State>enSTE_OK</State>
        </Line>
        <Line>
          <Time>13:50:49,755</Time>
          <Text>192.168.0.6: IO-LINK Device Port 0: Set Device Mode IOL_eDeviceMode_SIO Result: IOL_eErrorInfo_NONE</Text>
          <State>enSTE_OK</State>
        </Line>
        <Line>
          <Time>13:50:49,755</Time>
          <Text>192.168.0.6: IO-LINK Device Mode Ind 0: Mode IOL_eDeviceMode_SIO</Text>
          <State>enSTE_OK</State>
        </Line>
        <Line>
          <Time>13:50:50,037</Time>
          <Text>192.168.0.6: IO-LINK Device Mode Ind 0: Mode IOL_eDeviceMode_IDLE</Text>
          <State>enSTE_OK</State>
        </Line>
        <Line>
          <Time>13:50:50,038</Time>
          <Text>192.168.0.6: IO-LINK Device Port 0: Set Device Mode IOL_eDeviceMode_SIO Result: IOL_eErrorInfo_NONE</Text>
          <State>enSTE_OK</State>
        </Line>
        <Line>
          <Time>13:50:50,038</Time>
          <Text>192.168.0.6: IO-LINK Device Mode Ind 0: Mode IOL_eDeviceMode_SIO</Text>
          <State>enSTE_OK</State>
        </Line>
        <Line>
          <Time>13:50:50,355</Time>
          <Text>192.168.0.6: IO-LINK Device Set Wireshark</Text>
          <State>enSTE_OK</State>
        </Line>
        <Line>
          <Time>13:50:50,356</Time>
          <Text>Start Line Analyzer</Text>
          <State>enSTE_OK</State>
        </Line>
        <Line>
          <Time>13:50:50,356</Time>
          <Text>Found Pattern: Page Write IOL_eDirectParam_MasterCommand Value: IOL_eMasterCommand_DeviceOperate</Text>
          <State>enSTE_OK</State>
        </Line>
        <Line>
          <Time>13:50:50,356</Time>
          <Text>Found Pattern: ISDU Write Req 16373/0 Length: 1</Text>
          <State>enSTE_OK</State>
        </Line>
        <Line>
          <Time>13:50:50,356</Time>
          <Text>Test finished without Errors -&gt; passed</Text>
          <State>enSTE_OK</State>
        </Line>
        <Line>
          <Time>13:50:50,356</Time>
          <Text>192.168.0.6: IO-LINK Device Set Abort Listener</Text>
          <State>enSTE_OK</State>
        </Line>
        <Line>
          <Time>13:50:50,357</Time>
          <Text>192.168.0.6: IO-LINK Device Set Read Listener</Text>
          <State>enSTE_OK</State>
        </Line>
        <Line>
          <Time>13:50:50,357</Time>
          <Text>192.168.0.6: IO-LINK Device Set Write Listener</Text>
          <State>enSTE_OK</State>
        </Line>
        <Line>
          <Time>13:50:50,358</Time>
          <Text>192.168.0.6: IO-LINK Device Set Mode Listener</Text>
          <State>enSTE_OK</State>
        </Line>
        <Line>
          <Time>13:50:50,358</Time>
          <Text>192.168.0.6: IO-LINK Device Port 0: Set TestCase</Text>
          <State>enSTE_OK</State>
        </Line>
        <Line>
          <Time>13:50:50,361</Time>
          <Text>Finished Test: Test SDCI_TC_0242 - ISDU Derived Checksum Fault</Text>
          <State>enSTE_OK</State>
        </Line>
      </Lines>
    </Test>
    <Test Number="SDCI_TC_0244">
      <Name>ISDU Derived Length Fault</Name>
      <Description>ISDU Write response with reserved data length reports Derived ErrorType</Description>
      <Finished>True</Finished>
      <Lines>
        <Line>
          <Time>13:50:50,361</Time>
          <Text>_________Start Test: Test SDCI_TC_0244 - ISDU Derived Length Fault</Text>
          <State>enSTE_OK</State>
        </Line>
        <Line>
          <Time>13:50:50,362</Time>
          <Text>192.168.0.6: IO-LINK Device Set Write Listener</Text>
          <State>enSTE_OK</State>
        </Line>
        <Line>
          <Time>13:50:50,362</Time>
          <Text>Set Device Parameter</Text>
          <State>enSTE_OK</State>
        </Line>
        <Line>
          <Time>13:50:50,362</Time>
          <Text>Device Revision: 17</Text>
          <State>enSTE_OK</State>
        </Line>
        <Line>
          <Time>13:50:50,362</Time>
          <Text>192.168.0.6: IO-LINK Device Port 0: Set Device Mode IOL_eDeviceMode_IDLE Result: IOL_eErrorInfo_NONE</Text>
          <State>enSTE_OK</State>
        </Line>
        <Line>
          <Time>13:50:50,362</Time>
          <Text>192.168.0.6: IO-LINK Device Mode Ind 0: Mode IOL_eDeviceMode_IDLE</Text>
          <State>enSTE_OK</State>
        </Line>
        <Line>
          <Time>13:50:50,362</Time>
          <Text>192.168.0.6: IO-LINK Device Port 0: Init Result IOL_eErrorInfo_NONE</Text>
          <State>enSTE_OK</State>
        </Line>
        <Line>
          <Time>13:50:50,362</Time>
          <Text>192.168.0.6: IO-LINK Device Port 0: Set Device Mode IOL_eDeviceMode_SIO Result: IOL_eErrorInfo_NONE</Text>
          <State>enSTE_OK</State>
        </Line>
        <Line>
          <Time>13:50:50,362</Time>
          <Text>192.168.0.6: IO-LINK Device Mode Ind 0: Mode IOL_eDeviceMode_SIO</Text>
          <State>enSTE_OK</State>
        </Line>
        <Line>
          <Time>13:50:50,363</Time>
          <Text>192.168.0.6: IO-LINK Device Port 0: Set Device Mode IOL_eDeviceMode_SIO Result: IOL_eErrorInfo_NONE</Text>
          <State>enSTE_OK</State>
        </Line>
        <Line>
          <Time>13:50:50,368</Time>
          <Text>192.168.0.6: IO-LINK Device Set Wireshark</Text>
          <State>enSTE_OK</State>
        </Line>
        <Line>
          <Time>13:50:50,369</Time>
          <Text>192.168.0.6: IO-LINK Device Port 0: Set TestCase</Text>
          <State>enSTE_OK</State>
        </Line>
        <Line>
          <Time>13:50:50,369</Time>
          <Text>Start Master</Text>
          <State>enSTE_OK</State>
        </Line>
        <Line>
          <Time>13:50:50,369</Time>
          <Text>Target Mode: IOL_eTargetMode_AUTOCOM</Text>
          <State>enSTE_OK</State>
        </Line>
        <Line>
          <Time>13:50:50,369</Time>
          <Text>Inspection: IOL_eInspectionLevel_NO_CHECK</Text>
          <State>enSTE_OK</State>
        </Line>
        <Line>
          <Time>13:50:50,375</Time>
          <Text>192.168.0.6: IO-LINK Device Mode Ind 0: Mode IOL_eDeviceMode_ESTABCOM</Text>
          <State>enSTE_OK</State>
        </Line>
        <Line>
          <Time>13:50:50,377</Time>
          <Text>192.168.0.6: IO-LINK Device Mode Ind 0: Mode IOL_eDeviceMode_COMx</Text>
          <State>enSTE_OK</State>
        </Line>
        <Line>
          <Time>13:50:50,377</Time>
          <Text>192.168.0.6: IO-LINK Device Mode Ind 0: Mode IOL_eDeviceMode_STARTUP</Text>
          <State>enSTE_OK</State>
        </Line>
        <Line>
          <Time>13:50:50,638</Time>
          <Text>192.168.0.6: IO-LINK Device Mode Ind 0: Mode IOL_eDeviceMode_IDENT_STARTUP</Text>
          <State>enSTE_OK</State>
        </Line>
        <Line>
          <Time>13:50:51,052</Time>
          <Text>192.168.0.6: IO-LINK Device Mode Ind 0: Mode IOL_eDeviceMode_PREOPERATE</Text>
          <State>enSTE_OK</State>
        </Line>
        <Line>
          <Time>13:50:51,157</Time>
          <Text>192.168.0.6: IO-LINK Device Port 0: AL Read Index 21 Subindex 0</Text>
          <State>enSTE_OK</State>
        </Line>
        <Line>
          <Time>13:50:51,157</Time>
          <Text>192.168.0.6: IO-LINK Device Port 0: AL Read Res: 0</Text>
          <State>enSTE_OK</State>
        </Line>
        <Line>
          <Time>13:50:51,829</Time>
          <Text>192.168.0.6: IO-LINK Device Mode Ind 0: Mode IOL_eDeviceMode_OPERATE</Text>
          <State>enSTE_OK</State>
        </Line>
        <Line>
          <Time>13:50:51,894</Time>
          <Text>192.168.0.6: IO-LINK Device Port 0: Set TestCase</Text>
          <State>enSTE_OK</State>
        </Line>
        <Line>
          <Time>13:50:51,894</Time>
          <Text>Set Testcase: 244</Text>
          <State>enSTE_OK</State>
        </Line>
        <Line>
          <Time>13:50:52,090</Time>
          <Text>192.168.0.6: IO-LINK Device Port 0: AL Write Index 16372 Subindex 0</Text>
          <State>enSTE_OK</State>
        </Line>
        <Line>
          <Time>13:50:52,090</Time>
          <Text>192.168.0.6: IO-LINK Device Port 0: AL Write Res: 32785</Text>
          <State>enSTE_OK</State>
        </Line>
        <Line>
          <Time>13:50:52,144</Time>
          <Text>Write Value: 00 </Text>
          <State>enSTE_OK</State>
        </Line>
        <Line>
          <Time>13:50:52,356</Time>
          <Text>Stop Communication</Text>
          <State>enSTE_OK</State>
        </Line>
        <Line>
          <Time>13:50:52,486</Time>
          <Text>192.168.0.6: IO-LINK Device Port 0: Set Device Mode IOL_eDeviceMode_IDLE Result: IOL_eErrorInfo_NONE</Text>
          <State>enSTE_OK</State>
        </Line>
        <Line>
          <Time>13:50:52,486</Time>
          <Text>192.168.0.6: IO-LINK Device Mode Ind 0: Mode IOL_eDeviceMode_IDLE</Text>
          <State>enSTE_OK</State>
        </Line>
        <Line>
          <Time>13:50:52,486</Time>
          <Text>192.168.0.6: IO-LINK Device Port 0: Set Device Mode IOL_eDeviceMode_SIO Result: IOL_eErrorInfo_NONE</Text>
          <State>enSTE_OK</State>
        </Line>
        <Line>
          <Time>13:50:52,487</Time>
          <Text>192.168.0.6: IO-LINK Device Mode Ind 0: Mode IOL_eDeviceMode_SIO</Text>
          <State>enSTE_OK</State>
        </Line>
        <Line>
          <Time>13:50:52,752</Time>
          <Text>192.168.0.6: IO-LINK Device Mode Ind 0: Mode IOL_eDeviceMode_IDLE</Text>
          <State>enSTE_OK</State>
        </Line>
        <Line>
          <Time>13:50:52,753</Time>
          <Text>192.168.0.6: IO-LINK Device Port 0: Set Device Mode IOL_eDeviceMode_SIO Result: IOL_eErrorInfo_NONE</Text>
          <State>enSTE_OK</State>
        </Line>
        <Line>
          <Time>13:50:52,753</Time>
          <Text>192.168.0.6: IO-LINK Device Mode Ind 0: Mode IOL_eDeviceMode_SIO</Text>
          <State>enSTE_OK</State>
        </Line>
        <Line>
          <Time>13:50:53,087</Time>
          <Text>192.168.0.6: IO-LINK Device Set Wireshark</Text>
          <State>enSTE_OK</State>
        </Line>
        <Line>
          <Time>13:50:53,088</Time>
          <Text>Start Line Analyzer</Text>
          <State>enSTE_OK</State>
        </Line>
        <Line>
          <Time>13:50:53,088</Time>
          <Text>Found Pattern: Page Write IOL_eDirectParam_MasterCommand Value: IOL_eMasterCommand_DeviceOperate</Text>
          <State>enSTE_OK</State>
        </Line>
        <Line>
          <Time>13:50:53,088</Time>
          <Text>Found Pattern: ISDU Write Req 16372/0 Length: 1</Text>
          <State>enSTE_OK</State>
        </Line>
        <Line>
          <Time>13:50:53,088</Time>
          <Text>Found Pattern: ISDU Abort Req</Text>
          <State>enSTE_OK</State>
        </Line>
        <Line>
          <Time>13:50:53,088</Time>
          <Text>Test finished without Errors -&gt; passed</Text>
          <State>enSTE_OK</State>
        </Line>
        <Line>
          <Time>13:50:53,088</Time>
          <Text>192.168.0.6: IO-LINK Device Set Abort Listener</Text>
          <State>enSTE_OK</State>
        </Line>
        <Line>
          <Time>13:50:53,089</Time>
          <Text>192.168.0.6: IO-LINK Device Set Read Listener</Text>
          <State>enSTE_OK</State>
        </Line>
        <Line>
          <Time>13:50:53,092</Time>
          <Text>192.168.0.6: IO-LINK Device Set Write Listener</Text>
          <State>enSTE_OK</State>
        </Line>
        <Line>
          <Time>13:50:53,092</Time>
          <Text>192.168.0.6: IO-LINK Device Set Mode Listener</Text>
          <State>enSTE_OK</State>
        </Line>
        <Line>
          <Time>13:50:53,092</Time>
          <Text>192.168.0.6: IO-LINK Device Port 0: Set TestCase</Text>
          <State>enSTE_OK</State>
        </Line>
        <Line>
          <Time>13:50:53,095</Time>
          <Text>Finished Test: Test SDCI_TC_0244 - ISDU Derived Length Fault</Text>
          <State>enSTE_OK</State>
        </Line>
      </Lines>
    </Test>
  </Tests>
</TestReport>