﻿<?xml version="1.0" encoding="UTF-8" standalone="yes"?>
<?xml-stylesheet href="testLogFile.xsl" type="text/xsl"?>
<TestReport>
  <Name>Testspec 8.03 - ProcessData</Name>
  <StartTime>08.07.2021 13:48:06</StartTime>
  <EndTime>08.07.2021 13:48:23</EndTime>
  <Tests>
    <Test Number="GE 0000">
      <Name>Test-Tool-Version</Name>
      <Description>Notes the version of the Test-Tool in the LogFile</Description>
      <Finished>True</Finished>
      <Lines>
        <Line>
          <Time>13:48:06,339</Time>
          <Text>_________Start Test: Test GE 0000 - Test-Tool-Version</Text>
          <State>enSTE_OK</State>
        </Line>
        <Line>
          <Time>13:48:06,339</Time>
          <Text>Version of the Test-Tool: 1.0.1.0.2092589357</Text>
          <State>enSTE_OK</State>
        </Line>
        <Line>
          <Time>13:48:06,339</Time>
          <Text>Master Stack Version: 0.0.0.0</Text>
          <State>enSTE_OK</State>
        </Line>
        <Line>
          <Time>13:48:06,339</Time>
          <Text>Master App Version: 0.0.0</Text>
          <State>enSTE_OK</State>
        </Line>
        <Line>
          <Time>13:48:06,339</Time>
          <Text>Master Hardware Version: 0.0</Text>
          <State>enSTE_OK</State>
        </Line>
        <Line>
          <Time>13:48:06,339</Time>
          <Text>192.168.0.6: IO-LINK Device: Get Version</Text>
          <State>enSTE_OK</State>
        </Line>
        <Line>
          <Time>13:48:06,339</Time>
          <Text>Device Stack Version: 1.0.1.52800</Text>
          <State>enSTE_OK</State>
        </Line>
        <Line>
          <Time>13:48:06,339</Time>
          <Text>Device App Version: 1.1.3462478820</Text>
          <State>enSTE_OK</State>
        </Line>
        <Line>
          <Time>13:48:06,339</Time>
          <Text>Device Hardware Version: 102.0</Text>
          <State>enSTE_OK</State>
        </Line>
        <Line>
          <Time>13:48:06,339</Time>
          <Text>Finished Test: Test GE 0000 - Test-Tool-Version</Text>
          <State>enSTE_OK</State>
        </Line>
      </Lines>
    </Test>
    <Test Number="GE 0001">
      <Name>Init</Name>
      <Description>Init Hardware</Description>
      <Finished>True</Finished>
      <Lines>
        <Line>
          <Time>13:48:06,339</Time>
          <Text>_________Start Test: Test GE 0001 - Init</Text>
          <State>enSTE_OK</State>
        </Line>
        <Line>
          <Time>13:48:06,339</Time>
          <Text>Set Master Ports to inactive</Text>
          <State>enSTE_OK</State>
        </Line>
        <Line>
          <Time>13:48:06,420</Time>
          <Text>192.168.0.6: IO-LINK Device Set Wireshark</Text>
          <State>enSTE_OK</State>
        </Line>
        <Line>
          <Time>13:48:07,425</Time>
          <Text>Set Device Ports to inactive</Text>
          <State>enSTE_OK</State>
        </Line>
        <Line>
          <Time>13:48:07,425</Time>
          <Text>192.168.0.6: IO-LINK Device Mode Ind 0: Mode IOL_eDeviceMode_IDLE</Text>
          <State>enSTE_OK</State>
        </Line>
        <Line>
          <Time>13:48:07,426</Time>
          <Text>192.168.0.6: IO-LINK Device Port 0: Set Device Mode IOL_eDeviceMode_SIO Result: IOL_eErrorInfo_NONE</Text>
          <State>enSTE_OK</State>
        </Line>
        <Line>
          <Time>13:48:07,426</Time>
          <Text>192.168.0.6: IO-LINK Device Mode Ind 0: Mode IOL_eDeviceMode_SIO</Text>
          <State>enSTE_OK</State>
        </Line>
        <Line>
          <Time>13:48:07,425</Time>
          <Text>192.168.0.6: IO-LINK Device Port 0: Set Device Mode IOL_eDeviceMode_IDLE Result: IOL_eErrorInfo_NONE</Text>
          <State>enSTE_OK</State>
        </Line>
        <Line>
          <Time>13:48:07,427</Time>
          <Text>192.168.0.6: IO-LINK Device Port 0: Init Result IOL_eErrorInfo_NONE</Text>
          <State>enSTE_OK</State>
        </Line>
        <Line>
          <Time>13:48:07,427</Time>
          <Text>192.168.0.6: IO-LINK Device Port 0: Set TestCase</Text>
          <State>enSTE_OK</State>
        </Line>
        <Line>
          <Time>13:48:07,427</Time>
          <Text>192.168.0.6: IO-LINK Device Port 0: Set Input Res Valid: False</Text>
          <State>enSTE_OK</State>
        </Line>
        <Line>
          <Time>13:48:07,428</Time>
          <Text>192.168.0.6: IO-LINK Device Port 1: Set Device Mode IOL_eDeviceMode_IDLE Result: IOL_eErrorInfo_NONE</Text>
          <State>enSTE_OK</State>
        </Line>
        <Line>
          <Time>13:48:07,428</Time>
          <Text>192.168.0.6: IO-LINK Device Mode Ind 1: Mode IOL_eDeviceMode_IDLE</Text>
          <State>enSTE_OK</State>
        </Line>
        <Line>
          <Time>13:48:07,428</Time>
          <Text>192.168.0.6: IO-LINK Device Port 1: Init Result IOL_eErrorInfo_NONE</Text>
          <State>enSTE_OK</State>
        </Line>
        <Line>
          <Time>13:48:07,428</Time>
          <Text>192.168.0.6: IO-LINK Device Port 1: Set Device Mode IOL_eDeviceMode_SIO Result: IOL_eErrorInfo_NONE</Text>
          <State>enSTE_OK</State>
        </Line>
        <Line>
          <Time>13:48:07,428</Time>
          <Text>192.168.0.6: IO-LINK Device Mode Ind 1: Mode IOL_eDeviceMode_SIO</Text>
          <State>enSTE_OK</State>
        </Line>
        <Line>
          <Time>13:48:07,428</Time>
          <Text>192.168.0.6: IO-LINK Device Port 1: Set TestCase</Text>
          <State>enSTE_OK</State>
        </Line>
        <Line>
          <Time>13:48:07,428</Time>
          <Text>192.168.0.6: IO-LINK Device Port 1: Set Input Res Valid: False</Text>
          <State>enSTE_OK</State>
        </Line>
        <Line>
          <Time>13:48:07,429</Time>
          <Text>192.168.0.6: IO-LINK Device Port 2: Set Device Mode IOL_eDeviceMode_IDLE Result: IOL_eErrorInfo_NONE</Text>
          <State>enSTE_OK</State>
        </Line>
        <Line>
          <Time>13:48:07,429</Time>
          <Text>192.168.0.6: IO-LINK Device Mode Ind 2: Mode IOL_eDeviceMode_IDLE</Text>
          <State>enSTE_OK</State>
        </Line>
        <Line>
          <Time>13:48:07,429</Time>
          <Text>192.168.0.6: IO-LINK Device Port 2: Init Result IOL_eErrorInfo_NONE</Text>
          <State>enSTE_OK</State>
        </Line>
        <Line>
          <Time>13:48:07,429</Time>
          <Text>192.168.0.6: IO-LINK Device Port 2: Set Device Mode IOL_eDeviceMode_SIO Result: IOL_eErrorInfo_NONE</Text>
          <State>enSTE_OK</State>
        </Line>
        <Line>
          <Time>13:48:07,429</Time>
          <Text>192.168.0.6: IO-LINK Device Mode Ind 2: Mode IOL_eDeviceMode_SIO</Text>
          <State>enSTE_OK</State>
        </Line>
        <Line>
          <Time>13:48:07,429</Time>
          <Text>192.168.0.6: IO-LINK Device Port 2: Set TestCase</Text>
          <State>enSTE_OK</State>
        </Line>
        <Line>
          <Time>13:48:07,430</Time>
          <Text>192.168.0.6: IO-LINK Device Port 2: Set Input Res Valid: False</Text>
          <State>enSTE_OK</State>
        </Line>
        <Line>
          <Time>13:48:07,935</Time>
          <Text>Set Default Listener</Text>
          <State>enSTE_OK</State>
        </Line>
        <Line>
          <Time>13:48:07,935</Time>
          <Text>192.168.0.6: IO-LINK Device Set Abort Listener</Text>
          <State>enSTE_OK</State>
        </Line>
        <Line>
          <Time>13:48:07,939</Time>
          <Text>192.168.0.6: IO-LINK Device Set Read Listener</Text>
          <State>enSTE_OK</State>
        </Line>
        <Line>
          <Time>13:48:07,939</Time>
          <Text>192.168.0.6: IO-LINK Device Set Write Listener</Text>
          <State>enSTE_OK</State>
        </Line>
        <Line>
          <Time>13:48:07,940</Time>
          <Text>192.168.0.6: IO-LINK Device Set Mode Listener</Text>
          <State>enSTE_OK</State>
        </Line>
        <Line>
          <Time>13:48:07,940</Time>
          <Text>Finished Test: Test GE 0001 - Init</Text>
          <State>enSTE_OK</State>
        </Line>
      </Lines>
    </Test>
    <Test Number="SDCI_TC_0168">
      <Name>Type 2_1 for 8bit PD In</Name>
      <Description>Check for Type 2_1 Telegramm if Device has 8 bit PD Input Data</Description>
      <Finished>True</Finished>
      <Lines>
        <Line>
          <Time>13:48:07,940</Time>
          <Text>_________Start Test: Test SDCI_TC_0168 - Type 2_1 for 8bit PD In</Text>
          <State>enSTE_OK</State>
        </Line>
        <Line>
          <Time>13:48:07,941</Time>
          <Text>Set Device config</Text>
          <State>enSTE_OK</State>
        </Line>
        <Line>
          <Time>13:48:07,942</Time>
          <Text>192.168.0.6: IO-LINK Device Mode Ind 0: Mode IOL_eDeviceMode_IDLE</Text>
          <State>enSTE_OK</State>
        </Line>
        <Line>
          <Time>13:48:07,942</Time>
          <Text>192.168.0.6: IO-LINK Device Port 0: Set Device Mode IOL_eDeviceMode_IDLE Result: IOL_eErrorInfo_NONE</Text>
          <State>enSTE_OK</State>
        </Line>
        <Line>
          <Time>13:48:07,942</Time>
          <Text>192.168.0.6: IO-LINK Device Port 0: Set Device Mode IOL_eDeviceMode_SIO Result: IOL_eErrorInfo_NONE</Text>
          <State>enSTE_OK</State>
        </Line>
        <Line>
          <Time>13:48:07,942</Time>
          <Text>192.168.0.6: IO-LINK Device Mode Ind 0: Mode IOL_eDeviceMode_SIO</Text>
          <State>enSTE_OK</State>
        </Line>
        <Line>
          <Time>13:48:07,942</Time>
          <Text>192.168.0.6: IO-LINK Device Port 0: Init Result IOL_eErrorInfo_NONE</Text>
          <State>enSTE_OK</State>
        </Line>
        <Line>
          <Time>13:48:07,943</Time>
          <Text>192.168.0.6: IO-LINK Device Mode Ind 0: Mode IOL_eDeviceMode_SIO</Text>
          <State>enSTE_OK</State>
        </Line>
        <Line>
          <Time>13:48:07,943</Time>
          <Text>192.168.0.6: IO-LINK Device Port 0: Set Device Mode IOL_eDeviceMode_SIO Result: IOL_eErrorInfo_NONE</Text>
          <State>enSTE_OK</State>
        </Line>
        <Line>
          <Time>13:48:07,944</Time>
          <Text>192.168.0.6: IO-LINK Device Set Wireshark</Text>
          <State>enSTE_OK</State>
        </Line>
        <Line>
          <Time>13:48:07,944</Time>
          <Text>Start Master</Text>
          <State>enSTE_OK</State>
        </Line>
        <Line>
          <Time>13:48:07,950</Time>
          <Text>192.168.0.6: IO-LINK Device Mode Ind 0: Mode IOL_eDeviceMode_ESTABCOM</Text>
          <State>enSTE_OK</State>
        </Line>
        <Line>
          <Time>13:48:07,952</Time>
          <Text>192.168.0.6: IO-LINK Device Mode Ind 0: Mode IOL_eDeviceMode_COMx</Text>
          <State>enSTE_OK</State>
        </Line>
        <Line>
          <Time>13:48:07,952</Time>
          <Text>192.168.0.6: IO-LINK Device Mode Ind 0: Mode IOL_eDeviceMode_STARTUP</Text>
          <State>enSTE_OK</State>
        </Line>
        <Line>
          <Time>13:48:08,003</Time>
          <Text>192.168.0.6: IO-LINK Device Mode Ind 0: Mode IOL_eDeviceMode_IDENT_STARTUP</Text>
          <State>enSTE_OK</State>
        </Line>
        <Line>
          <Time>13:48:08,084</Time>
          <Text>192.168.0.6: IO-LINK Device Mode Ind 1: Mode IOL_eDeviceMode_PREOPERATE</Text>
          <State>enSTE_OK</State>
        </Line>
        <Line>
          <Time>13:48:08,097</Time>
          <Text>192.168.0.6: IO-LINK Device Port 0: AL Read Index 21 Subindex 0</Text>
          <State>enSTE_OK</State>
        </Line>
        <Line>
          <Time>13:48:08,097</Time>
          <Text>192.168.0.6: IO-LINK Device Port 0: AL Read Res: 0</Text>
          <State>enSTE_OK</State>
        </Line>
        <Line>
          <Time>13:48:08,167</Time>
          <Text>192.168.0.6: IO-LINK Device Mode Ind 0: Mode IOL_eDeviceMode_OPERATE</Text>
          <State>enSTE_OK</State>
        </Line>
        <Line>
          <Time>13:48:08,407</Time>
          <Text>Stop Communication</Text>
          <State>enSTE_OK</State>
        </Line>
        <Line>
          <Time>13:48:08,729</Time>
          <Text>192.168.0.6: IO-LINK Device Mode Ind 0: Mode IOL_eDeviceMode_IDLE</Text>
          <State>enSTE_OK</State>
        </Line>
        <Line>
          <Time>13:48:08,729</Time>
          <Text>192.168.0.6: IO-LINK Device Port 0: Set Device Mode IOL_eDeviceMode_SIO Result: IOL_eErrorInfo_NONE</Text>
          <State>enSTE_OK</State>
        </Line>
        <Line>
          <Time>13:48:08,729</Time>
          <Text>192.168.0.6: IO-LINK Device Mode Ind 0: Mode IOL_eDeviceMode_SIO</Text>
          <State>enSTE_OK</State>
        </Line>
        <Line>
          <Time>13:48:08,929</Time>
          <Text>192.168.0.6: IO-LINK Device Set Wireshark</Text>
          <State>enSTE_OK</State>
        </Line>
        <Line>
          <Time>13:48:08,933</Time>
          <Text>192.168.0.6: IO-LINK Device Port 0: Init Result IOL_eErrorInfo_NONE</Text>
          <State>enSTE_OK</State>
        </Line>
        <Line>
          <Time>13:48:08,933</Time>
          <Text>Received 96 Frames </Text>
          <State>enSTE_OK</State>
        </Line>
        <Line>
          <Time>13:48:08,933</Time>
          <Text>Selected Frame: 13:48:08,428 Master: 20-AE-5A Device: 00-75</Text>
          <State>enSTE_OK</State>
        </Line>
        <Line>
          <Time>13:48:08,933</Time>
          <Text>Use correct Frametype: IOL_eMSequence_TYPE_2</Text>
          <State>enSTE_OK</State>
        </Line>
        <Line>
          <Time>13:48:08,933</Time>
          <Text>Got Correct Frame Type Type_2_1</Text>
          <State>enSTE_OK</State>
        </Line>
        <Line>
          <Time>13:48:08,933</Time>
          <Text>Frame checksums ok</Text>
          <State>enSTE_OK</State>
        </Line>
        <Line>
          <Time>13:48:08,933</Time>
          <Text>Finished Test: Test SDCI_TC_0168 - Type 2_1 for 8bit PD In</Text>
          <State>enSTE_OK</State>
        </Line>
      </Lines>
    </Test>
    <Test Number="SDCI_TC_0169">
      <Name>Type 2_2 for 16bit PD In</Name>
      <Description>Check for Type 2_1 Telegramm if Device has 16 bit PD Input Data</Description>
      <Finished>True</Finished>
      <Lines>
        <Line>
          <Time>13:48:08,933</Time>
          <Text>_________Start Test: Test SDCI_TC_0169 - Type 2_2 for 16bit PD In</Text>
          <State>enSTE_OK</State>
        </Line>
        <Line>
          <Time>13:48:08,933</Time>
          <Text>Set Device config</Text>
          <State>enSTE_OK</State>
        </Line>
        <Line>
          <Time>13:48:08,934</Time>
          <Text>192.168.0.6: IO-LINK Device Port 0: Set Device Mode IOL_eDeviceMode_IDLE Result: IOL_eErrorInfo_NONE</Text>
          <State>enSTE_OK</State>
        </Line>
        <Line>
          <Time>13:48:08,934</Time>
          <Text>192.168.0.6: IO-LINK Device Mode Ind 0: Mode IOL_eDeviceMode_IDLE</Text>
          <State>enSTE_OK</State>
        </Line>
        <Line>
          <Time>13:48:08,934</Time>
          <Text>192.168.0.6: IO-LINK Device Port 0: Init Result IOL_eErrorInfo_NONE</Text>
          <State>enSTE_OK</State>
        </Line>
        <Line>
          <Time>13:48:08,934</Time>
          <Text>192.168.0.6: IO-LINK Device Port 0: Set Device Mode IOL_eDeviceMode_SIO Result: IOL_eErrorInfo_NONE</Text>
          <State>enSTE_OK</State>
        </Line>
        <Line>
          <Time>13:48:08,934</Time>
          <Text>192.168.0.6: IO-LINK Device Mode Ind 0: Mode IOL_eDeviceMode_SIO</Text>
          <State>enSTE_OK</State>
        </Line>
        <Line>
          <Time>13:48:08,934</Time>
          <Text>192.168.0.6: IO-LINK Device Port 0: Set Device Mode IOL_eDeviceMode_SIO Result: IOL_eErrorInfo_NONE</Text>
          <State>enSTE_OK</State>
        </Line>
        <Line>
          <Time>13:48:08,935</Time>
          <Text>192.168.0.6: IO-LINK Device Set Wireshark</Text>
          <State>enSTE_OK</State>
        </Line>
        <Line>
          <Time>13:48:08,936</Time>
          <Text>Start Master</Text>
          <State>enSTE_OK</State>
        </Line>
        <Line>
          <Time>13:48:08,942</Time>
          <Text>192.168.0.6: IO-LINK Device Mode Ind 0: Mode IOL_eDeviceMode_ESTABCOM</Text>
          <State>enSTE_OK</State>
        </Line>
        <Line>
          <Time>13:48:08,944</Time>
          <Text>192.168.0.6: IO-LINK Device Mode Ind 0: Mode IOL_eDeviceMode_COMx</Text>
          <State>enSTE_OK</State>
        </Line>
        <Line>
          <Time>13:48:08,944</Time>
          <Text>192.168.0.6: IO-LINK Device Mode Ind 0: Mode IOL_eDeviceMode_STARTUP</Text>
          <State>enSTE_OK</State>
        </Line>
        <Line>
          <Time>13:48:08,995</Time>
          <Text>192.168.0.6: IO-LINK Device Mode Ind 0: Mode IOL_eDeviceMode_IDENT_STARTUP</Text>
          <State>enSTE_OK</State>
        </Line>
        <Line>
          <Time>13:48:09,077</Time>
          <Text>192.168.0.6: IO-LINK Device Mode Ind 0: Mode IOL_eDeviceMode_PREOPERATE</Text>
          <State>enSTE_OK</State>
        </Line>
        <Line>
          <Time>13:48:09,088</Time>
          <Text>192.168.0.6: IO-LINK Device Port 0: AL Read Index 21 Subindex 0</Text>
          <State>enSTE_OK</State>
        </Line>
        <Line>
          <Time>13:48:09,089</Time>
          <Text>192.168.0.6: IO-LINK Device Port 0: AL Read Res: 0</Text>
          <State>enSTE_OK</State>
        </Line>
        <Line>
          <Time>13:48:09,169</Time>
          <Text>192.168.0.6: IO-LINK Device Mode Ind 0: Mode IOL_eDeviceMode_OPERATE</Text>
          <State>enSTE_OK</State>
        </Line>
        <Line>
          <Time>13:48:09,406</Time>
          <Text>Stop Communication</Text>
          <State>enSTE_OK</State>
        </Line>
        <Line>
          <Time>13:48:09,730</Time>
          <Text>192.168.0.6: IO-LINK Device Mode Ind 0: Mode IOL_eDeviceMode_IDLE</Text>
          <State>enSTE_OK</State>
        </Line>
        <Line>
          <Time>13:48:09,731</Time>
          <Text>192.168.0.6: IO-LINK Device Port 0: Set Device Mode IOL_eDeviceMode_SIO Result: IOL_eErrorInfo_NONE</Text>
          <State>enSTE_OK</State>
        </Line>
        <Line>
          <Time>13:48:09,731</Time>
          <Text>192.168.0.6: IO-LINK Device Mode Ind 0: Mode IOL_eDeviceMode_SIO</Text>
          <State>enSTE_OK</State>
        </Line>
        <Line>
          <Time>13:48:09,926</Time>
          <Text>192.168.0.6: IO-LINK Device Set Wireshark</Text>
          <State>enSTE_OK</State>
        </Line>
        <Line>
          <Time>13:48:09,927</Time>
          <Text>192.168.0.6: IO-LINK Device Port 0: Init Result IOL_eErrorInfo_NONE</Text>
          <State>enSTE_OK</State>
        </Line>
        <Line>
          <Time>13:48:09,927</Time>
          <Text>Received 98 Frames </Text>
          <State>enSTE_OK</State>
        </Line>
        <Line>
          <Time>13:48:09,927</Time>
          <Text>Selected Frame: 13:48:09,430 Master: 20-AE-5A Device: 00-00-75</Text>
          <State>enSTE_OK</State>
        </Line>
        <Line>
          <Time>13:48:09,927</Time>
          <Text>Use correct Frametype: IOL_eMSequence_TYPE_2</Text>
          <State>enSTE_OK</State>
        </Line>
        <Line>
          <Time>13:48:09,927</Time>
          <Text>Got Correct Frame Type Type_2_2</Text>
          <State>enSTE_OK</State>
        </Line>
        <Line>
          <Time>13:48:09,927</Time>
          <Text>Frame checksums ok</Text>
          <State>enSTE_OK</State>
        </Line>
        <Line>
          <Time>13:48:09,927</Time>
          <Text>Finished Test: Test SDCI_TC_0169 - Type 2_2 for 16bit PD In</Text>
          <State>enSTE_OK</State>
        </Line>
      </Lines>
    </Test>
    <Test Number="SDCI_TC_0170">
      <Name>Type 2_3 for 8bit PD Out</Name>
      <Description>Check for Type 2_3 Telegramm if Device has 8 bit PD Output Data</Description>
      <Finished>True</Finished>
      <Lines>
        <Line>
          <Time>13:48:09,928</Time>
          <Text>_________Start Test: Test SDCI_TC_0170 - Type 2_3 for 8bit PD Out</Text>
          <State>enSTE_OK</State>
        </Line>
        <Line>
          <Time>13:48:09,928</Time>
          <Text>Set Device config</Text>
          <State>enSTE_OK</State>
        </Line>
        <Line>
          <Time>13:48:09,928</Time>
          <Text>192.168.0.6: IO-LINK Device Port 0: Set Device Mode IOL_eDeviceMode_IDLE Result: IOL_eErrorInfo_NONE</Text>
          <State>enSTE_OK</State>
        </Line>
        <Line>
          <Time>13:48:09,928</Time>
          <Text>192.168.0.6: IO-LINK Device Mode Ind 0: Mode IOL_eDeviceMode_IDLE</Text>
          <State>enSTE_OK</State>
        </Line>
        <Line>
          <Time>13:48:09,931</Time>
          <Text>192.168.0.6: IO-LINK Device Port 0: Init Result IOL_eErrorInfo_NONE</Text>
          <State>enSTE_OK</State>
        </Line>
        <Line>
          <Time>13:48:09,931</Time>
          <Text>192.168.0.6: IO-LINK Device Port 0: Set Device Mode IOL_eDeviceMode_SIO Result: IOL_eErrorInfo_NONE</Text>
          <State>enSTE_OK</State>
        </Line>
        <Line>
          <Time>13:48:09,931</Time>
          <Text>192.168.0.6: IO-LINK Device Mode Ind 0: Mode IOL_eDeviceMode_SIO</Text>
          <State>enSTE_OK</State>
        </Line>
        <Line>
          <Time>13:48:09,932</Time>
          <Text>192.168.0.6: IO-LINK Device Port 0: Set Device Mode IOL_eDeviceMode_SIO Result: IOL_eErrorInfo_NONE</Text>
          <State>enSTE_OK</State>
        </Line>
        <Line>
          <Time>13:48:09,933</Time>
          <Text>192.168.0.6: IO-LINK Device Set Wireshark</Text>
          <State>enSTE_OK</State>
        </Line>
        <Line>
          <Time>13:48:09,933</Time>
          <Text>Start Master</Text>
          <State>enSTE_OK</State>
        </Line>
        <Line>
          <Time>13:48:09,939</Time>
          <Text>192.168.0.6: IO-LINK Device Mode Ind 0: Mode IOL_eDeviceMode_ESTABCOM</Text>
          <State>enSTE_OK</State>
        </Line>
        <Line>
          <Time>13:48:09,941</Time>
          <Text>192.168.0.6: IO-LINK Device Mode Ind 0: Mode IOL_eDeviceMode_COMx</Text>
          <State>enSTE_OK</State>
        </Line>
        <Line>
          <Time>13:48:09,941</Time>
          <Text>192.168.0.6: IO-LINK Device Mode Ind 0: Mode IOL_eDeviceMode_STARTUP</Text>
          <State>enSTE_OK</State>
        </Line>
        <Line>
          <Time>13:48:09,993</Time>
          <Text>192.168.0.6: IO-LINK Device Mode Ind 0: Mode IOL_eDeviceMode_IDENT_STARTUP</Text>
          <State>enSTE_OK</State>
        </Line>
        <Line>
          <Time>13:48:10,073</Time>
          <Text>192.168.0.6: IO-LINK Device Mode Ind 0: Mode IOL_eDeviceMode_PREOPERATE</Text>
          <State>enSTE_OK</State>
        </Line>
        <Line>
          <Time>13:48:10,086</Time>
          <Text>192.168.0.6: IO-LINK Device Port 0: AL Read Index 21 Subindex 0</Text>
          <State>enSTE_OK</State>
        </Line>
        <Line>
          <Time>13:48:10,086</Time>
          <Text>192.168.0.6: IO-LINK Device Port 0: AL Read Res: 0</Text>
          <State>enSTE_OK</State>
        </Line>
        <Line>
          <Time>13:48:10,166</Time>
          <Text>192.168.0.6: IO-LINK Device Mode Ind 0: Mode IOL_eDeviceMode_OPERATE</Text>
          <State>enSTE_OK</State>
        </Line>
        <Line>
          <Time>13:48:10,403</Time>
          <Text>Stop Communication</Text>
          <State>enSTE_OK</State>
        </Line>
        <Line>
          <Time>13:48:10,728</Time>
          <Text>192.168.0.6: IO-LINK Device Mode Ind 0: Mode IOL_eDeviceMode_IDLE</Text>
          <State>enSTE_OK</State>
        </Line>
        <Line>
          <Time>13:48:10,729</Time>
          <Text>192.168.0.6: IO-LINK Device Port 0: Set Device Mode IOL_eDeviceMode_SIO Result: IOL_eErrorInfo_NONE</Text>
          <State>enSTE_OK</State>
        </Line>
        <Line>
          <Time>13:48:10,729</Time>
          <Text>192.168.0.6: IO-LINK Device Mode Ind 0: Mode IOL_eDeviceMode_SIO</Text>
          <State>enSTE_OK</State>
        </Line>
        <Line>
          <Time>13:48:10,924</Time>
          <Text>192.168.0.6: IO-LINK Device Set Wireshark</Text>
          <State>enSTE_OK</State>
        </Line>
        <Line>
          <Time>13:48:10,926</Time>
          <Text>192.168.0.6: IO-LINK Device Port 0: Init Result IOL_eErrorInfo_NONE</Text>
          <State>enSTE_OK</State>
        </Line>
        <Line>
          <Time>13:48:10,926</Time>
          <Text>Received 98 Frames </Text>
          <State>enSTE_OK</State>
        </Line>
        <Line>
          <Time>13:48:10,926</Time>
          <Text>Selected Frame: 13:48:10,428 Master: 20-AE-00-5A Device: 75</Text>
          <State>enSTE_OK</State>
        </Line>
        <Line>
          <Time>13:48:10,926</Time>
          <Text>Use correct Frametype: IOL_eMSequence_TYPE_2</Text>
          <State>enSTE_OK</State>
        </Line>
        <Line>
          <Time>13:48:10,926</Time>
          <Text>Got Correct Frame Type Type_2_3</Text>
          <State>enSTE_OK</State>
        </Line>
        <Line>
          <Time>13:48:10,928</Time>
          <Text>Frame checksums ok</Text>
          <State>enSTE_OK</State>
        </Line>
        <Line>
          <Time>13:48:10,928</Time>
          <Text>Finished Test: Test SDCI_TC_0170 - Type 2_3 for 8bit PD Out</Text>
          <State>enSTE_OK</State>
        </Line>
      </Lines>
    </Test>
    <Test Number="SDCI_TC_0171">
      <Name>Type 2_4 for 16bit PD Out</Name>
      <Description>Check for Type 2_4 Telegramm if Device has 16 bit PD Output Data</Description>
      <Finished>True</Finished>
      <Lines>
        <Line>
          <Time>13:48:10,928</Time>
          <Text>_________Start Test: Test SDCI_TC_0171 - Type 2_4 for 16bit PD Out</Text>
          <State>enSTE_OK</State>
        </Line>
        <Line>
          <Time>13:48:10,928</Time>
          <Text>Set Device config</Text>
          <State>enSTE_OK</State>
        </Line>
        <Line>
          <Time>13:48:10,929</Time>
          <Text>192.168.0.6: IO-LINK Device Port 0: Set Device Mode IOL_eDeviceMode_IDLE Result: IOL_eErrorInfo_NONE</Text>
          <State>enSTE_OK</State>
        </Line>
        <Line>
          <Time>13:48:10,929</Time>
          <Text>192.168.0.6: IO-LINK Device Mode Ind 0: Mode IOL_eDeviceMode_IDLE</Text>
          <State>enSTE_OK</State>
        </Line>
        <Line>
          <Time>13:48:10,929</Time>
          <Text>192.168.0.6: IO-LINK Device Port 0: Set Device Mode IOL_eDeviceMode_SIO Result: IOL_eErrorInfo_NONE</Text>
          <State>enSTE_OK</State>
        </Line>
        <Line>
          <Time>13:48:10,929</Time>
          <Text>192.168.0.6: IO-LINK Device Mode Ind 0: Mode IOL_eDeviceMode_SIO</Text>
          <State>enSTE_OK</State>
        </Line>
        <Line>
          <Time>13:48:10,929</Time>
          <Text>192.168.0.6: IO-LINK Device Port 0: Init Result IOL_eErrorInfo_NONE</Text>
          <State>enSTE_OK</State>
        </Line>
        <Line>
          <Time>13:48:10,930</Time>
          <Text>192.168.0.6: IO-LINK Device Port 0: Set Device Mode IOL_eDeviceMode_SIO Result: IOL_eErrorInfo_NONE</Text>
          <State>enSTE_OK</State>
        </Line>
        <Line>
          <Time>13:48:10,931</Time>
          <Text>192.168.0.6: IO-LINK Device Set Wireshark</Text>
          <State>enSTE_OK</State>
        </Line>
        <Line>
          <Time>13:48:10,931</Time>
          <Text>Start Master</Text>
          <State>enSTE_OK</State>
        </Line>
        <Line>
          <Time>13:48:10,937</Time>
          <Text>192.168.0.6: IO-LINK Device Mode Ind 0: Mode IOL_eDeviceMode_ESTABCOM</Text>
          <State>enSTE_OK</State>
        </Line>
        <Line>
          <Time>13:48:10,939</Time>
          <Text>192.168.0.6: IO-LINK Device Mode Ind 0: Mode IOL_eDeviceMode_COMx</Text>
          <State>enSTE_OK</State>
        </Line>
        <Line>
          <Time>13:48:10,939</Time>
          <Text>192.168.0.6: IO-LINK Device Mode Ind 0: Mode IOL_eDeviceMode_STARTUP</Text>
          <State>enSTE_OK</State>
        </Line>
        <Line>
          <Time>13:48:10,991</Time>
          <Text>192.168.0.6: IO-LINK Device Mode Ind 0: Mode IOL_eDeviceMode_IDENT_STARTUP</Text>
          <State>enSTE_OK</State>
        </Line>
        <Line>
          <Time>13:48:11,071</Time>
          <Text>192.168.0.6: IO-LINK Device Mode Ind 0: Mode IOL_eDeviceMode_PREOPERATE</Text>
          <State>enSTE_OK</State>
        </Line>
        <Line>
          <Time>13:48:11,084</Time>
          <Text>192.168.0.6: IO-LINK Device Port 0: AL Read Index 21 Subindex 0</Text>
          <State>enSTE_OK</State>
        </Line>
        <Line>
          <Time>13:48:11,085</Time>
          <Text>192.168.0.6: IO-LINK Device Port 0: AL Read Res: 0</Text>
          <State>enSTE_OK</State>
        </Line>
        <Line>
          <Time>13:48:11,164</Time>
          <Text>192.168.0.6: IO-LINK Device Mode Ind 0: Mode IOL_eDeviceMode_OPERATE</Text>
          <State>enSTE_OK</State>
        </Line>
        <Line>
          <Time>13:48:11,400</Time>
          <Text>Stop Communication</Text>
          <State>enSTE_OK</State>
        </Line>
        <Line>
          <Time>13:48:11,716</Time>
          <Text>192.168.0.6: IO-LINK Device Mode Ind 0: Mode IOL_eDeviceMode_IDLE</Text>
          <State>enSTE_OK</State>
        </Line>
        <Line>
          <Time>13:48:11,717</Time>
          <Text>192.168.0.6: IO-LINK Device Port 0: Set Device Mode IOL_eDeviceMode_SIO Result: IOL_eErrorInfo_NONE</Text>
          <State>enSTE_OK</State>
        </Line>
        <Line>
          <Time>13:48:11,717</Time>
          <Text>192.168.0.6: IO-LINK Device Mode Ind 0: Mode IOL_eDeviceMode_SIO</Text>
          <State>enSTE_OK</State>
        </Line>
        <Line>
          <Time>13:48:11,910</Time>
          <Text>192.168.0.6: IO-LINK Device Set Wireshark</Text>
          <State>enSTE_OK</State>
        </Line>
        <Line>
          <Time>13:48:11,912</Time>
          <Text>192.168.0.6: IO-LINK Device Port 0: Init Result IOL_eErrorInfo_NONE</Text>
          <State>enSTE_OK</State>
        </Line>
        <Line>
          <Time>13:48:11,912</Time>
          <Text>Received 96 Frames </Text>
          <State>enSTE_OK</State>
        </Line>
        <Line>
          <Time>13:48:11,912</Time>
          <Text>Selected Frame: 13:48:11,416 Master: 20-AE-00-00-5A Device: 75</Text>
          <State>enSTE_OK</State>
        </Line>
        <Line>
          <Time>13:48:11,912</Time>
          <Text>Use correct Frametype: IOL_eMSequence_TYPE_2</Text>
          <State>enSTE_OK</State>
        </Line>
        <Line>
          <Time>13:48:11,912</Time>
          <Text>Got Correct Frame Type Type_2_4</Text>
          <State>enSTE_OK</State>
        </Line>
        <Line>
          <Time>13:48:11,912</Time>
          <Text>Frame checksums ok</Text>
          <State>enSTE_OK</State>
        </Line>
        <Line>
          <Time>13:48:11,912</Time>
          <Text>Finished Test: Test SDCI_TC_0171 - Type 2_4 for 16bit PD Out</Text>
          <State>enSTE_OK</State>
        </Line>
      </Lines>
    </Test>
    <Test Number="SDCI_TC_0172">
      <Name>Type 2_5 for 8-8bit PD</Name>
      <Description>Check for Type 2_5 Telegramm if Device has 8 bit PD In and Out Data</Description>
      <Finished>True</Finished>
      <Lines>
        <Line>
          <Time>13:48:11,912</Time>
          <Text>_________Start Test: Test SDCI_TC_0172 - Type 2_5 for 8-8bit PD</Text>
          <State>enSTE_OK</State>
        </Line>
        <Line>
          <Time>13:48:11,912</Time>
          <Text>Set Device config</Text>
          <State>enSTE_OK</State>
        </Line>
        <Line>
          <Time>13:48:11,912</Time>
          <Text>192.168.0.6: IO-LINK Device Mode Ind 0: Mode IOL_eDeviceMode_IDLE</Text>
          <State>enSTE_OK</State>
        </Line>
        <Line>
          <Time>13:48:11,912</Time>
          <Text>192.168.0.6: IO-LINK Device Port 0: Set Device Mode IOL_eDeviceMode_IDLE Result: IOL_eErrorInfo_NONE</Text>
          <State>enSTE_OK</State>
        </Line>
        <Line>
          <Time>13:48:11,913</Time>
          <Text>192.168.0.6: IO-LINK Device Port 0: Set Device Mode IOL_eDeviceMode_SIO Result: IOL_eErrorInfo_NONE</Text>
          <State>enSTE_OK</State>
        </Line>
        <Line>
          <Time>13:48:11,913</Time>
          <Text>192.168.0.6: IO-LINK Device Mode Ind 0: Mode IOL_eDeviceMode_SIO</Text>
          <State>enSTE_OK</State>
        </Line>
        <Line>
          <Time>13:48:11,913</Time>
          <Text>192.168.0.6: IO-LINK Device Port 0: Init Result IOL_eErrorInfo_NONE</Text>
          <State>enSTE_OK</State>
        </Line>
        <Line>
          <Time>13:48:11,913</Time>
          <Text>192.168.0.6: IO-LINK Device Port 0: Set Device Mode IOL_eDeviceMode_SIO Result: IOL_eErrorInfo_NONE</Text>
          <State>enSTE_OK</State>
        </Line>
        <Line>
          <Time>13:48:11,913</Time>
          <Text>192.168.0.6: IO-LINK Device Mode Ind 0: Mode IOL_eDeviceMode_SIO</Text>
          <State>enSTE_OK</State>
        </Line>
        <Line>
          <Time>13:48:11,917</Time>
          <Text>192.168.0.6: IO-LINK Device Set Wireshark</Text>
          <State>enSTE_OK</State>
        </Line>
        <Line>
          <Time>13:48:11,917</Time>
          <Text>Start Master</Text>
          <State>enSTE_OK</State>
        </Line>
        <Line>
          <Time>13:48:11,923</Time>
          <Text>192.168.0.6: IO-LINK Device Mode Ind 0: Mode IOL_eDeviceMode_ESTABCOM</Text>
          <State>enSTE_OK</State>
        </Line>
        <Line>
          <Time>13:48:11,925</Time>
          <Text>192.168.0.6: IO-LINK Device Mode Ind 0: Mode IOL_eDeviceMode_COMx</Text>
          <State>enSTE_OK</State>
        </Line>
        <Line>
          <Time>13:48:11,925</Time>
          <Text>192.168.0.6: IO-LINK Device Mode Ind 0: Mode IOL_eDeviceMode_STARTUP</Text>
          <State>enSTE_OK</State>
        </Line>
        <Line>
          <Time>13:48:11,976</Time>
          <Text>192.168.0.6: IO-LINK Device Mode Ind 0: Mode IOL_eDeviceMode_IDENT_STARTUP</Text>
          <State>enSTE_OK</State>
        </Line>
        <Line>
          <Time>13:48:12,056</Time>
          <Text>192.168.0.6: IO-LINK Device Mode Ind 0: Mode IOL_eDeviceMode_PREOPERATE</Text>
          <State>enSTE_OK</State>
        </Line>
        <Line>
          <Time>13:48:12,070</Time>
          <Text>192.168.0.6: IO-LINK Device Port 0: AL Read Index 21 Subindex 0</Text>
          <State>enSTE_OK</State>
        </Line>
        <Line>
          <Time>13:48:12,072</Time>
          <Text>192.168.0.6: IO-LINK Device Port 0: AL Read Res: 0</Text>
          <State>enSTE_OK</State>
        </Line>
        <Line>
          <Time>13:48:12,140</Time>
          <Text>192.168.0.6: IO-LINK Device Mode Ind 0: Mode IOL_eDeviceMode_OPERATE</Text>
          <State>enSTE_OK</State>
        </Line>
        <Line>
          <Time>13:48:12,384</Time>
          <Text>Stop Communication</Text>
          <State>enSTE_OK</State>
        </Line>
        <Line>
          <Time>13:48:12,702</Time>
          <Text>192.168.0.6: IO-LINK Device Mode Ind 0: Mode IOL_eDeviceMode_IDLE</Text>
          <State>enSTE_OK</State>
        </Line>
        <Line>
          <Time>13:48:12,702</Time>
          <Text>192.168.0.6: IO-LINK Device Port 0: Set Device Mode IOL_eDeviceMode_SIO Result: IOL_eErrorInfo_NONE</Text>
          <State>enSTE_OK</State>
        </Line>
        <Line>
          <Time>13:48:12,703</Time>
          <Text>192.168.0.6: IO-LINK Device Mode Ind 0: Mode IOL_eDeviceMode_SIO</Text>
          <State>enSTE_OK</State>
        </Line>
        <Line>
          <Time>13:48:12,908</Time>
          <Text>192.168.0.6: IO-LINK Device Set Wireshark</Text>
          <State>enSTE_OK</State>
        </Line>
        <Line>
          <Time>13:48:12,909</Time>
          <Text>192.168.0.6: IO-LINK Device Port 0: Init Result IOL_eErrorInfo_NONE</Text>
          <State>enSTE_OK</State>
        </Line>
        <Line>
          <Time>13:48:12,909</Time>
          <Text>Received 96 Frames </Text>
          <State>enSTE_OK</State>
        </Line>
        <Line>
          <Time>13:48:12,910</Time>
          <Text>Selected Frame: 13:48:12,402 Master: 20-AE-00-5A Device: 00-75</Text>
          <State>enSTE_OK</State>
        </Line>
        <Line>
          <Time>13:48:12,910</Time>
          <Text>Use correct Frametype: IOL_eMSequence_TYPE_2</Text>
          <State>enSTE_OK</State>
        </Line>
        <Line>
          <Time>13:48:12,910</Time>
          <Text>Got Correct Frame Type Type_2_5</Text>
          <State>enSTE_OK</State>
        </Line>
        <Line>
          <Time>13:48:12,911</Time>
          <Text>Frame checksums ok</Text>
          <State>enSTE_OK</State>
        </Line>
        <Line>
          <Time>13:48:12,911</Time>
          <Text>Finished Test: Test SDCI_TC_0172 - Type 2_5 for 8-8bit PD</Text>
          <State>enSTE_OK</State>
        </Line>
      </Lines>
    </Test>
    <Test Number="SDCI_TC_0298">
      <Name>Type 2_6 for 16-16bit PD</Name>
      <Description>Check for Type 2_6 Telegramm if Device has 16 bit PD In and Out Data</Description>
      <Finished>True</Finished>
      <Lines>
        <Line>
          <Time>13:48:12,911</Time>
          <Text>_________Start Test: Test SDCI_TC_0298 - Type 2_6 for 16-16bit PD</Text>
          <State>enSTE_OK</State>
        </Line>
        <Line>
          <Time>13:48:12,911</Time>
          <Text>Set Device config</Text>
          <State>enSTE_OK</State>
        </Line>
        <Line>
          <Time>13:48:12,911</Time>
          <Text>192.168.0.6: IO-LINK Device Port 0: Set Device Mode IOL_eDeviceMode_IDLE Result: IOL_eErrorInfo_NONE</Text>
          <State>enSTE_OK</State>
        </Line>
        <Line>
          <Time>13:48:12,912</Time>
          <Text>192.168.0.6: IO-LINK Device Mode Ind 0: Mode IOL_eDeviceMode_IDLE</Text>
          <State>enSTE_OK</State>
        </Line>
        <Line>
          <Time>13:48:12,912</Time>
          <Text>192.168.0.6: IO-LINK Device Port 0: Init Result IOL_eErrorInfo_NONE</Text>
          <State>enSTE_OK</State>
        </Line>
        <Line>
          <Time>13:48:12,912</Time>
          <Text>192.168.0.6: IO-LINK Device Port 0: Set Device Mode IOL_eDeviceMode_SIO Result: IOL_eErrorInfo_NONE</Text>
          <State>enSTE_OK</State>
        </Line>
        <Line>
          <Time>13:48:12,912</Time>
          <Text>192.168.0.6: IO-LINK Device Mode Ind 0: Mode IOL_eDeviceMode_SIO</Text>
          <State>enSTE_OK</State>
        </Line>
        <Line>
          <Time>13:48:12,912</Time>
          <Text>192.168.0.6: IO-LINK Device Port 0: Set Device Mode IOL_eDeviceMode_SIO Result: IOL_eErrorInfo_NONE</Text>
          <State>enSTE_OK</State>
        </Line>
        <Line>
          <Time>13:48:12,913</Time>
          <Text>192.168.0.6: IO-LINK Device Set Wireshark</Text>
          <State>enSTE_OK</State>
        </Line>
        <Line>
          <Time>13:48:12,914</Time>
          <Text>Start Master</Text>
          <State>enSTE_OK</State>
        </Line>
        <Line>
          <Time>13:48:12,919</Time>
          <Text>192.168.0.6: IO-LINK Device Mode Ind 0: Mode IOL_eDeviceMode_ESTABCOM</Text>
          <State>enSTE_OK</State>
        </Line>
        <Line>
          <Time>13:48:12,921</Time>
          <Text>192.168.0.6: IO-LINK Device Mode Ind 0: Mode IOL_eDeviceMode_COMx</Text>
          <State>enSTE_OK</State>
        </Line>
        <Line>
          <Time>13:48:12,921</Time>
          <Text>192.168.0.6: IO-LINK Device Mode Ind 0: Mode IOL_eDeviceMode_STARTUP</Text>
          <State>enSTE_OK</State>
        </Line>
        <Line>
          <Time>13:48:12,973</Time>
          <Text>192.168.0.6: IO-LINK Device Mode Ind 0: Mode IOL_eDeviceMode_IDENT_STARTUP</Text>
          <State>enSTE_OK</State>
        </Line>
        <Line>
          <Time>13:48:13,053</Time>
          <Text>192.168.0.6: IO-LINK Device Mode Ind 0: Mode IOL_eDeviceMode_PREOPERATE</Text>
          <State>enSTE_OK</State>
        </Line>
        <Line>
          <Time>13:48:13,066</Time>
          <Text>192.168.0.6: IO-LINK Device Port 0: AL Read Index 21 Subindex 0</Text>
          <State>enSTE_OK</State>
        </Line>
        <Line>
          <Time>13:48:13,067</Time>
          <Text>192.168.0.6: IO-LINK Device Port 0: AL Read Res: 0</Text>
          <State>enSTE_OK</State>
        </Line>
        <Line>
          <Time>13:48:13,148</Time>
          <Text>192.168.0.6: IO-LINK Device Mode Ind 0: Mode IOL_eDeviceMode_OPERATE</Text>
          <State>enSTE_OK</State>
        </Line>
        <Line>
          <Time>13:48:13,388</Time>
          <Text>Stop Communication</Text>
          <State>enSTE_OK</State>
        </Line>
        <Line>
          <Time>13:48:13,709</Time>
          <Text>192.168.0.6: IO-LINK Device Mode Ind 0: Mode IOL_eDeviceMode_IDLE</Text>
          <State>enSTE_OK</State>
        </Line>
        <Line>
          <Time>13:48:13,709</Time>
          <Text>192.168.0.6: IO-LINK Device Port 0: Set Device Mode IOL_eDeviceMode_SIO Result: IOL_eErrorInfo_NONE</Text>
          <State>enSTE_OK</State>
        </Line>
        <Line>
          <Time>13:48:13,709</Time>
          <Text>192.168.0.6: IO-LINK Device Mode Ind 0: Mode IOL_eDeviceMode_SIO</Text>
          <State>enSTE_OK</State>
        </Line>
        <Line>
          <Time>13:48:13,899</Time>
          <Text>192.168.0.6: IO-LINK Device Set Wireshark</Text>
          <State>enSTE_OK</State>
        </Line>
        <Line>
          <Time>13:48:13,900</Time>
          <Text>192.168.0.6: IO-LINK Device Port 0: Init Result IOL_eErrorInfo_NONE</Text>
          <State>enSTE_OK</State>
        </Line>
        <Line>
          <Time>13:48:13,900</Time>
          <Text>Received 98 Frames </Text>
          <State>enSTE_OK</State>
        </Line>
        <Line>
          <Time>13:48:13,900</Time>
          <Text>Selected Frame: 13:48:13,409 Master: 20-AE-00-00-5A Device: 00-00-75</Text>
          <State>enSTE_OK</State>
        </Line>
        <Line>
          <Time>13:48:13,900</Time>
          <Text>Use correct Frametype: IOL_eMSequence_TYPE_2</Text>
          <State>enSTE_OK</State>
        </Line>
        <Line>
          <Time>13:48:13,900</Time>
          <Text>Got Correct Frame Type Type_2_6</Text>
          <State>enSTE_OK</State>
        </Line>
        <Line>
          <Time>13:48:13,900</Time>
          <Text>Frame checksums ok</Text>
          <State>enSTE_OK</State>
        </Line>
        <Line>
          <Time>13:48:13,901</Time>
          <Text>Finished Test: Test SDCI_TC_0298 - Type 2_6 for 16-16bit PD</Text>
          <State>enSTE_OK</State>
        </Line>
      </Lines>
    </Test>
    <Test Number="SDCI_TC_0173">
      <Name>Type 1 for 256bit PDin</Name>
      <Description>Check for Type 1 Telegramm if Device has 256 bit PD In Data</Description>
      <Finished>True</Finished>
      <Lines>
        <Line>
          <Time>13:48:13,901</Time>
          <Text>_________Start Test: Test SDCI_TC_0173 - Type 1 for 256bit PDin</Text>
          <State>enSTE_OK</State>
        </Line>
        <Line>
          <Time>13:48:13,901</Time>
          <Text>Set Device config</Text>
          <State>enSTE_OK</State>
        </Line>
        <Line>
          <Time>13:48:13,901</Time>
          <Text>192.168.0.6: IO-LINK Device Port 0: Set Device Mode IOL_eDeviceMode_IDLE Result: IOL_eErrorInfo_NONE</Text>
          <State>enSTE_OK</State>
        </Line>
        <Line>
          <Time>13:48:13,901</Time>
          <Text>192.168.0.6: IO-LINK Device Mode Ind 0: Mode IOL_eDeviceMode_IDLE</Text>
          <State>enSTE_OK</State>
        </Line>
        <Line>
          <Time>13:48:13,902</Time>
          <Text>192.168.0.6: IO-LINK Device Port 0: Init Result IOL_eErrorInfo_NONE</Text>
          <State>enSTE_OK</State>
        </Line>
        <Line>
          <Time>13:48:13,902</Time>
          <Text>192.168.0.6: IO-LINK Device Port 0: Set Device Mode IOL_eDeviceMode_SIO Result: IOL_eErrorInfo_NONE</Text>
          <State>enSTE_OK</State>
        </Line>
        <Line>
          <Time>13:48:13,902</Time>
          <Text>192.168.0.6: IO-LINK Device Mode Ind 0: Mode IOL_eDeviceMode_SIO</Text>
          <State>enSTE_OK</State>
        </Line>
        <Line>
          <Time>13:48:13,902</Time>
          <Text>192.168.0.6: IO-LINK Device Port 0: Set Device Mode IOL_eDeviceMode_SIO Result: IOL_eErrorInfo_NONE</Text>
          <State>enSTE_OK</State>
        </Line>
        <Line>
          <Time>13:48:13,903</Time>
          <Text>192.168.0.6: IO-LINK Device Set Wireshark</Text>
          <State>enSTE_OK</State>
        </Line>
        <Line>
          <Time>13:48:13,903</Time>
          <Text>Start Master</Text>
          <State>enSTE_OK</State>
        </Line>
        <Line>
          <Time>13:48:13,909</Time>
          <Text>192.168.0.6: IO-LINK Device Mode Ind 0: Mode IOL_eDeviceMode_ESTABCOM</Text>
          <State>enSTE_OK</State>
        </Line>
        <Line>
          <Time>13:48:13,911</Time>
          <Text>192.168.0.6: IO-LINK Device Mode Ind 0: Mode IOL_eDeviceMode_COMx</Text>
          <State>enSTE_OK</State>
        </Line>
        <Line>
          <Time>13:48:13,911</Time>
          <Text>192.168.0.6: IO-LINK Device Mode Ind 0: Mode IOL_eDeviceMode_STARTUP</Text>
          <State>enSTE_OK</State>
        </Line>
        <Line>
          <Time>13:48:13,963</Time>
          <Text>192.168.0.6: IO-LINK Device Mode Ind 0: Mode IOL_eDeviceMode_IDENT_STARTUP</Text>
          <State>enSTE_OK</State>
        </Line>
        <Line>
          <Time>13:48:14,043</Time>
          <Text>192.168.0.6: IO-LINK Device Mode Ind 0: Mode IOL_eDeviceMode_PREOPERATE</Text>
          <State>enSTE_OK</State>
        </Line>
        <Line>
          <Time>13:48:14,056</Time>
          <Text>192.168.0.6: IO-LINK Device Port 0: AL Read Index 21 Subindex 0</Text>
          <State>enSTE_OK</State>
        </Line>
        <Line>
          <Time>13:48:14,057</Time>
          <Text>192.168.0.6: IO-LINK Device Port 0: AL Read Res: 0</Text>
          <State>enSTE_OK</State>
        </Line>
        <Line>
          <Time>13:48:14,137</Time>
          <Text>192.168.0.6: IO-LINK Device Mode Ind 0: Mode IOL_eDeviceMode_OPERATE</Text>
          <State>enSTE_OK</State>
        </Line>
        <Line>
          <Time>13:48:14,374</Time>
          <Text>Stop Communication</Text>
          <State>enSTE_OK</State>
        </Line>
        <Line>
          <Time>13:48:14,698</Time>
          <Text>192.168.0.6: IO-LINK Device Mode Ind 0: Mode IOL_eDeviceMode_IDLE</Text>
          <State>enSTE_OK</State>
        </Line>
        <Line>
          <Time>13:48:14,699</Time>
          <Text>192.168.0.6: IO-LINK Device Port 0: Set Device Mode IOL_eDeviceMode_SIO Result: IOL_eErrorInfo_NONE</Text>
          <State>enSTE_OK</State>
        </Line>
        <Line>
          <Time>13:48:14,699</Time>
          <Text>192.168.0.6: IO-LINK Device Mode Ind 0: Mode IOL_eDeviceMode_SIO</Text>
          <State>enSTE_OK</State>
        </Line>
        <Line>
          <Time>13:48:14,893</Time>
          <Text>192.168.0.6: IO-LINK Device Set Wireshark</Text>
          <State>enSTE_OK</State>
        </Line>
        <Line>
          <Time>13:48:14,897</Time>
          <Text>192.168.0.6: IO-LINK Device Port 0: Init Result IOL_eErrorInfo_NONE</Text>
          <State>enSTE_OK</State>
        </Line>
        <Line>
          <Time>13:48:14,897</Time>
          <Text>Received 98 Frames </Text>
          <State>enSTE_OK</State>
        </Line>
        <Line>
          <Time>13:48:14,897</Time>
          <Text>Selected Frame: 13:48:14,398 Master: 20-5E-5A-00 Device: 75</Text>
          <State>enSTE_OK</State>
        </Line>
        <Line>
          <Time>13:48:14,897</Time>
          <Text>Use correct Frametype: IOL_eMSequence_TYPE_1</Text>
          <State>enSTE_OK</State>
        </Line>
        <Line>
          <Time>13:48:14,897</Time>
          <Text>Frame checksums ok</Text>
          <State>enSTE_OK</State>
        </Line>
        <Line>
          <Time>13:48:14,897</Time>
          <Text>Finished Test: Test SDCI_TC_0173 - Type 1 for 256bit PDin</Text>
          <State>enSTE_OK</State>
        </Line>
      </Lines>
    </Test>
    <Test Number="SDCI_TC_0175">
      <Name>Master Wrong checksum</Name>
      <Description>Master behavior to wrong checksum in Device response</Description>
      <Finished>True</Finished>
      <Lines>
        <Line>
          <Time>13:48:14,897</Time>
          <Text>_________Start Test: Test SDCI_TC_0175 - Master Wrong checksum</Text>
          <State>enSTE_OK</State>
        </Line>
        <Line>
          <Time>13:48:14,899</Time>
          <Text>Set Device Parameter</Text>
          <State>enSTE_OK</State>
        </Line>
        <Line>
          <Time>13:48:14,899</Time>
          <Text>192.168.0.6: IO-LINK Device Mode Ind 0: Mode IOL_eDeviceMode_IDLE</Text>
          <State>enSTE_OK</State>
        </Line>
        <Line>
          <Time>13:48:14,899</Time>
          <Text>192.168.0.6: IO-LINK Device Port 0: Set Device Mode IOL_eDeviceMode_IDLE Result: IOL_eErrorInfo_NONE</Text>
          <State>enSTE_OK</State>
        </Line>
        <Line>
          <Time>13:48:14,900</Time>
          <Text>192.168.0.6: IO-LINK Device Port 0: Set Device Mode IOL_eDeviceMode_SIO Result: IOL_eErrorInfo_NONE</Text>
          <State>enSTE_OK</State>
        </Line>
        <Line>
          <Time>13:48:14,900</Time>
          <Text>192.168.0.6: IO-LINK Device Mode Ind 0: Mode IOL_eDeviceMode_SIO</Text>
          <State>enSTE_OK</State>
        </Line>
        <Line>
          <Time>13:48:14,900</Time>
          <Text>192.168.0.6: IO-LINK Device Port 0: Init Result IOL_eErrorInfo_NONE</Text>
          <State>enSTE_OK</State>
        </Line>
        <Line>
          <Time>13:48:14,900</Time>
          <Text>192.168.0.6: IO-LINK Device Port 0: Set Device Mode IOL_eDeviceMode_SIO Result: IOL_eErrorInfo_NONE</Text>
          <State>enSTE_OK</State>
        </Line>
        <Line>
          <Time>13:48:14,900</Time>
          <Text>192.168.0.6: IO-LINK Device Mode Ind 0: Mode IOL_eDeviceMode_SIO</Text>
          <State>enSTE_OK</State>
        </Line>
        <Line>
          <Time>13:48:14,901</Time>
          <Text>192.168.0.6: IO-LINK Device Set Wireshark</Text>
          <State>enSTE_OK</State>
        </Line>
        <Line>
          <Time>13:48:14,901</Time>
          <Text>Start Master</Text>
          <State>enSTE_OK</State>
        </Line>
        <Line>
          <Time>13:48:14,909</Time>
          <Text>192.168.0.6: IO-LINK Device Mode Ind 0: Mode IOL_eDeviceMode_ESTABCOM</Text>
          <State>enSTE_OK</State>
        </Line>
        <Line>
          <Time>13:48:14,909</Time>
          <Text>192.168.0.6: IO-LINK Device Mode Ind 0: Mode IOL_eDeviceMode_COMx</Text>
          <State>enSTE_OK</State>
        </Line>
        <Line>
          <Time>13:48:14,909</Time>
          <Text>192.168.0.6: IO-LINK Device Mode Ind 0: Mode IOL_eDeviceMode_STARTUP</Text>
          <State>enSTE_OK</State>
        </Line>
        <Line>
          <Time>13:48:14,961</Time>
          <Text>192.168.0.6: IO-LINK Device Mode Ind 0: Mode IOL_eDeviceMode_IDENT_STARTUP</Text>
          <State>enSTE_OK</State>
        </Line>
        <Line>
          <Time>13:48:15,041</Time>
          <Text>192.168.0.6: IO-LINK Device Mode Ind 0: Mode IOL_eDeviceMode_PREOPERATE</Text>
          <State>enSTE_OK</State>
        </Line>
        <Line>
          <Time>13:48:15,054</Time>
          <Text>192.168.0.6: IO-LINK Device Port 0: AL Read Index 21 Subindex 0</Text>
          <State>enSTE_OK</State>
        </Line>
        <Line>
          <Time>13:48:15,055</Time>
          <Text>192.168.0.6: IO-LINK Device Port 0: AL Read Res: 0</Text>
          <State>enSTE_OK</State>
        </Line>
        <Line>
          <Time>13:48:15,134</Time>
          <Text>192.168.0.6: IO-LINK Device Mode Ind 0: Mode IOL_eDeviceMode_OPERATE</Text>
          <State>enSTE_OK</State>
        </Line>
        <Line>
          <Time>13:48:15,168</Time>
          <Text>192.168.0.6: IO-LINK Device Port 0: Set Input Res Valid: True</Text>
          <State>enSTE_OK</State>
        </Line>
        <Line>
          <Time>13:48:15,276</Time>
          <Text>Simulate 3 missing responses</Text>
          <State>enSTE_OK</State>
        </Line>
        <Line>
          <Time>13:48:15,277</Time>
          <Text>192.168.0.6: IO-LINK Device Port 0: Set Frame Error</Text>
          <State>enSTE_OK</State>
        </Line>
        <Line>
          <Time>13:48:15,606</Time>
          <Text>192.168.0.6: IO-LINK Device Mode Ind 0: Mode IOL_eDeviceMode_IDLE</Text>
          <State>enSTE_OK</State>
        </Line>
        <Line>
          <Time>13:48:15,607</Time>
          <Text>192.168.0.6: IO-LINK Device Port 0: Set Device Mode IOL_eDeviceMode_SIO Result: IOL_eErrorInfo_NONE</Text>
          <State>enSTE_OK</State>
        </Line>
        <Line>
          <Time>13:48:15,607</Time>
          <Text>192.168.0.6: IO-LINK Device Mode Ind 0: Mode IOL_eDeviceMode_SIO</Text>
          <State>enSTE_OK</State>
        </Line>
        <Line>
          <Time>13:48:16,010</Time>
          <Text>192.168.0.6: IO-LINK Device Mode Ind 0: Mode IOL_eDeviceMode_ESTABCOM</Text>
          <State>enSTE_OK</State>
        </Line>
        <Line>
          <Time>13:48:16,013</Time>
          <Text>192.168.0.6: IO-LINK Device Mode Ind 0: Mode IOL_eDeviceMode_COMx</Text>
          <State>enSTE_OK</State>
        </Line>
        <Line>
          <Time>13:48:16,013</Time>
          <Text>192.168.0.6: IO-LINK Device Mode Ind 0: Mode IOL_eDeviceMode_STARTUP</Text>
          <State>enSTE_OK</State>
        </Line>
        <Line>
          <Time>13:48:16,063</Time>
          <Text>192.168.0.6: IO-LINK Device Mode Ind 0: Mode IOL_eDeviceMode_IDENT_STARTUP</Text>
          <State>enSTE_OK</State>
        </Line>
        <Line>
          <Time>13:48:16,143</Time>
          <Text>192.168.0.6: IO-LINK Device Mode Ind 0: Mode IOL_eDeviceMode_PREOPERATE</Text>
          <State>enSTE_OK</State>
        </Line>
        <Line>
          <Time>13:48:16,158</Time>
          <Text>192.168.0.6: IO-LINK Device Port 0: AL Read Index 21 Subindex 0</Text>
          <State>enSTE_OK</State>
        </Line>
        <Line>
          <Time>13:48:16,159</Time>
          <Text>192.168.0.6: IO-LINK Device Port 0: AL Read Res: 0</Text>
          <State>enSTE_OK</State>
        </Line>
        <Line>
          <Time>13:48:17,292</Time>
          <Text>Stop Communication</Text>
          <State>enSTE_OK</State>
        </Line>
        <Line>
          <Time>13:48:17,608</Time>
          <Text>192.168.0.6: IO-LINK Device Mode Ind 0: Mode IOL_eDeviceMode_IDLE</Text>
          <State>enSTE_OK</State>
        </Line>
        <Line>
          <Time>13:48:17,609</Time>
          <Text>192.168.0.6: IO-LINK Device Port 0: Set Device Mode IOL_eDeviceMode_SIO Result: IOL_eErrorInfo_NONE</Text>
          <State>enSTE_OK</State>
        </Line>
        <Line>
          <Time>13:48:17,609</Time>
          <Text>192.168.0.6: IO-LINK Device Mode Ind 0: Mode IOL_eDeviceMode_SIO</Text>
          <State>enSTE_OK</State>
        </Line>
        <Line>
          <Time>13:48:17,802</Time>
          <Text>192.168.0.6: IO-LINK Device Set Wireshark</Text>
          <State>enSTE_OK</State>
        </Line>
        <Line>
          <Time>13:48:17,806</Time>
          <Text>Wrong Checksum 1: 13:48:15,286 Master: F1-94-00-00 Device: 00-00-FF-FF-12</Text>
          <State>enSTE_OK</State>
        </Line>
        <Line>
          <Time>13:48:17,806</Time>
          <Text>Wrong Checksum 2: 13:48:15,296 Master: F1-94-00-00 Device: 00-00-FF-FF-12</Text>
          <State>enSTE_OK</State>
        </Line>
        <Line>
          <Time>13:48:17,806</Time>
          <Text>Wrong Checksum 3: 13:48:15,306 Master: F1-94-00-00 Device: 00-00-FF-FF-12</Text>
          <State>enSTE_OK</State>
        </Line>
        <Line>
          <Time>13:48:17,806</Time>
          <Text>Establish after 707,0079ms</Text>
          <State>enSTE_OK</State>
        </Line>
        <Line>
          <Time>13:48:17,806</Time>
          <Text>Establish: 13:48:16,013 Master: A2-00 Device: 48-17</Text>
          <State>enSTE_OK</State>
        </Line>
        <Line>
          <Time>13:48:17,806</Time>
          <Text>Proceed Establish: 13:48:16,023 Master: A3-11 Device: 2B-1B</Text>
          <State>enSTE_OK</State>
        </Line>
        <Line>
          <Time>13:48:17,806</Time>
          <Text>Finished Test: Test SDCI_TC_0175 - Master Wrong checksum</Text>
          <State>enSTE_OK</State>
        </Line>
      </Lines>
    </Test>
    <Test Number="SDCI_TC_0174">
      <Name>Master No Response</Name>
      <Description>Master behavior in case of no Device response </Description>
      <Finished>True</Finished>
      <Lines>
        <Line>
          <Time>13:48:17,806</Time>
          <Text>_________Start Test: Test SDCI_TC_0174 - Master No Response</Text>
          <State>enSTE_OK</State>
        </Line>
        <Line>
          <Time>13:48:17,808</Time>
          <Text>Set Device Parameter</Text>
          <State>enSTE_OK</State>
        </Line>
        <Line>
          <Time>13:48:17,808</Time>
          <Text>192.168.0.6: IO-LINK Device Port 0: Set Device Mode IOL_eDeviceMode_IDLE Result: IOL_eErrorInfo_NONE</Text>
          <State>enSTE_OK</State>
        </Line>
        <Line>
          <Time>13:48:17,808</Time>
          <Text>192.168.0.6: IO-LINK Device Mode Ind 0: Mode IOL_eDeviceMode_IDLE</Text>
          <State>enSTE_OK</State>
        </Line>
        <Line>
          <Time>13:48:17,809</Time>
          <Text>192.168.0.6: IO-LINK Device Port 0: Init Result IOL_eErrorInfo_NONE</Text>
          <State>enSTE_OK</State>
        </Line>
        <Line>
          <Time>13:48:17,809</Time>
          <Text>192.168.0.6: IO-LINK Device Port 0: Set Device Mode IOL_eDeviceMode_SIO Result: IOL_eErrorInfo_NONE</Text>
          <State>enSTE_OK</State>
        </Line>
        <Line>
          <Time>13:48:17,809</Time>
          <Text>192.168.0.6: IO-LINK Device Mode Ind 0: Mode IOL_eDeviceMode_SIO</Text>
          <State>enSTE_OK</State>
        </Line>
        <Line>
          <Time>13:48:17,809</Time>
          <Text>192.168.0.6: IO-LINK Device Port 0: Set Device Mode IOL_eDeviceMode_SIO Result: IOL_eErrorInfo_NONE</Text>
          <State>enSTE_OK</State>
        </Line>
        <Line>
          <Time>13:48:17,810</Time>
          <Text>192.168.0.6: IO-LINK Device Set Wireshark</Text>
          <State>enSTE_OK</State>
        </Line>
        <Line>
          <Time>13:48:17,810</Time>
          <Text>Start Master</Text>
          <State>enSTE_OK</State>
        </Line>
        <Line>
          <Time>13:48:17,818</Time>
          <Text>192.168.0.6: IO-LINK Device Mode Ind 0: Mode IOL_eDeviceMode_ESTABCOM</Text>
          <State>enSTE_OK</State>
        </Line>
        <Line>
          <Time>13:48:17,818</Time>
          <Text>192.168.0.6: IO-LINK Device Mode Ind 0: Mode IOL_eDeviceMode_COMx</Text>
          <State>enSTE_OK</State>
        </Line>
        <Line>
          <Time>13:48:17,818</Time>
          <Text>192.168.0.6: IO-LINK Device Mode Ind 0: Mode IOL_eDeviceMode_STARTUP</Text>
          <State>enSTE_OK</State>
        </Line>
        <Line>
          <Time>13:48:17,870</Time>
          <Text>192.168.0.6: IO-LINK Device Mode Ind 0: Mode IOL_eDeviceMode_IDENT_STARTUP</Text>
          <State>enSTE_OK</State>
        </Line>
        <Line>
          <Time>13:48:17,950</Time>
          <Text>192.168.0.6: IO-LINK Device Mode Ind 0: Mode IOL_eDeviceMode_PREOPERATE</Text>
          <State>enSTE_OK</State>
        </Line>
        <Line>
          <Time>13:48:17,963</Time>
          <Text>192.168.0.6: IO-LINK Device Port 0: AL Read Index 21 Subindex 0</Text>
          <State>enSTE_OK</State>
        </Line>
        <Line>
          <Time>13:48:17,963</Time>
          <Text>192.168.0.6: IO-LINK Device Port 0: AL Read Res: 0</Text>
          <State>enSTE_OK</State>
        </Line>
        <Line>
          <Time>13:48:18,033</Time>
          <Text>192.168.0.6: IO-LINK Device Mode Ind 0: Mode IOL_eDeviceMode_OPERATE</Text>
          <State>enSTE_OK</State>
        </Line>
        <Line>
          <Time>13:48:18,076</Time>
          <Text>192.168.0.6: IO-LINK Device Port 0: Set Input Res Valid: True</Text>
          <State>enSTE_OK</State>
        </Line>
        <Line>
          <Time>13:48:18,185</Time>
          <Text>Simulate 3 missing responses</Text>
          <State>enSTE_OK</State>
        </Line>
        <Line>
          <Time>13:48:18,185</Time>
          <Text>192.168.0.6: IO-LINK Device Port 0: Set Frame Error</Text>
          <State>enSTE_OK</State>
        </Line>
        <Line>
          <Time>13:48:18,515</Time>
          <Text>192.168.0.6: IO-LINK Device Mode Ind 0: Mode IOL_eDeviceMode_IDLE</Text>
          <State>enSTE_OK</State>
        </Line>
        <Line>
          <Time>13:48:18,516</Time>
          <Text>192.168.0.6: IO-LINK Device Port 0: Set Device Mode IOL_eDeviceMode_SIO Result: IOL_eErrorInfo_NONE</Text>
          <State>enSTE_OK</State>
        </Line>
        <Line>
          <Time>13:48:18,516</Time>
          <Text>192.168.0.6: IO-LINK Device Mode Ind 0: Mode IOL_eDeviceMode_SIO</Text>
          <State>enSTE_OK</State>
        </Line>
        <Line>
          <Time>13:48:18,918</Time>
          <Text>192.168.0.6: IO-LINK Device Mode Ind 0: Mode IOL_eDeviceMode_ESTABCOM</Text>
          <State>enSTE_OK</State>
        </Line>
        <Line>
          <Time>13:48:18,921</Time>
          <Text>192.168.0.6: IO-LINK Device Mode Ind 0: Mode IOL_eDeviceMode_COMx</Text>
          <State>enSTE_OK</State>
        </Line>
        <Line>
          <Time>13:48:18,921</Time>
          <Text>192.168.0.6: IO-LINK Device Mode Ind 0: Mode IOL_eDeviceMode_STARTUP</Text>
          <State>enSTE_OK</State>
        </Line>
        <Line>
          <Time>13:48:18,971</Time>
          <Text>192.168.0.6: IO-LINK Device Mode Ind 0: Mode IOL_eDeviceMode_IDENT_STARTUP</Text>
          <State>enSTE_OK</State>
        </Line>
        <Line>
          <Time>13:48:19,051</Time>
          <Text>192.168.0.6: IO-LINK Device Mode Ind 0: Mode IOL_eDeviceMode_PREOPERATE</Text>
          <State>enSTE_OK</State>
        </Line>
        <Line>
          <Time>13:48:19,065</Time>
          <Text>192.168.0.6: IO-LINK Device Port 0: AL Read Index 21 Subindex 0</Text>
          <State>enSTE_OK</State>
        </Line>
        <Line>
          <Time>13:48:19,065</Time>
          <Text>192.168.0.6: IO-LINK Device Port 0: AL Read Res: 0</Text>
          <State>enSTE_OK</State>
        </Line>
        <Line>
          <Time>13:48:20,200</Time>
          <Text>Stop Communication</Text>
          <State>enSTE_OK</State>
        </Line>
        <Line>
          <Time>13:48:20,516</Time>
          <Text>192.168.0.6: IO-LINK Device Mode Ind 0: Mode IOL_eDeviceMode_IDLE</Text>
          <State>enSTE_OK</State>
        </Line>
        <Line>
          <Time>13:48:20,517</Time>
          <Text>192.168.0.6: IO-LINK Device Port 0: Set Device Mode IOL_eDeviceMode_SIO Result: IOL_eErrorInfo_NONE</Text>
          <State>enSTE_OK</State>
        </Line>
        <Line>
          <Time>13:48:20,517</Time>
          <Text>192.168.0.6: IO-LINK Device Mode Ind 0: Mode IOL_eDeviceMode_SIO</Text>
          <State>enSTE_OK</State>
        </Line>
        <Line>
          <Time>13:48:20,710</Time>
          <Text>192.168.0.6: IO-LINK Device Set Wireshark</Text>
          <State>enSTE_OK</State>
        </Line>
        <Line>
          <Time>13:48:20,714</Time>
          <Text>No Response 1: 13:48:18,201 Master: F1-94-00-00 Device: None</Text>
          <State>enSTE_OK</State>
        </Line>
        <Line>
          <Time>13:48:20,714</Time>
          <Text>No Response 2: 13:48:18,211 Master: F1-94-00-00 Device: None</Text>
          <State>enSTE_OK</State>
        </Line>
        <Line>
          <Time>13:48:20,714</Time>
          <Text>No Response 3: 13:48:18,221 Master: F1-94-00-00 Device: None</Text>
          <State>enSTE_OK</State>
        </Line>
        <Line>
          <Time>13:48:20,714</Time>
          <Text>Establish after 699,9697ms</Text>
          <State>enSTE_OK</State>
        </Line>
        <Line>
          <Time>13:48:20,714</Time>
          <Text>Establish: 13:48:18,921 Master: A2-00 Device: 48-17</Text>
          <State>enSTE_OK</State>
        </Line>
        <Line>
          <Time>13:48:20,714</Time>
          <Text>Proceed Establish: 13:48:18,931 Master: A3-11 Device: 2B-1B</Text>
          <State>enSTE_OK</State>
        </Line>
        <Line>
          <Time>13:48:20,714</Time>
          <Text>Finished Test: Test SDCI_TC_0174 - Master No Response</Text>
          <State>enSTE_OK</State>
        </Line>
      </Lines>
    </Test>
    <Test Number="SDCI_TC_0176">
      <Name>Master Read Mirrored Data</Name>
      <Description>Master reads mirrored input/output Process Data from Device </Description>
      <Finished>True</Finished>
      <Lines>
        <Line>
          <Time>13:48:20,714</Time>
          <Text>_________Start Test: Test SDCI_TC_0176 - Master Read Mirrored Data</Text>
          <State>enSTE_OK</State>
        </Line>
        <Line>
          <Time>13:48:20,716</Time>
          <Text>Set Device Parameter</Text>
          <State>enSTE_OK</State>
        </Line>
        <Line>
          <Time>13:48:20,716</Time>
          <Text>192.168.0.6: IO-LINK Device Port 0: Set Device Mode IOL_eDeviceMode_IDLE Result: IOL_eErrorInfo_NONE</Text>
          <State>enSTE_OK</State>
        </Line>
        <Line>
          <Time>13:48:20,716</Time>
          <Text>192.168.0.6: IO-LINK Device Mode Ind 0: Mode IOL_eDeviceMode_IDLE</Text>
          <State>enSTE_OK</State>
        </Line>
        <Line>
          <Time>13:48:20,717</Time>
          <Text>192.168.0.6: IO-LINK Device Port 0: Init Result IOL_eErrorInfo_NONE</Text>
          <State>enSTE_OK</State>
        </Line>
        <Line>
          <Time>13:48:20,717</Time>
          <Text>192.168.0.6: IO-LINK Device Port 0: Set Device Mode IOL_eDeviceMode_SIO Result: IOL_eErrorInfo_NONE</Text>
          <State>enSTE_OK</State>
        </Line>
        <Line>
          <Time>13:48:20,717</Time>
          <Text>192.168.0.6: IO-LINK Device Mode Ind 0: Mode IOL_eDeviceMode_SIO</Text>
          <State>enSTE_OK</State>
        </Line>
        <Line>
          <Time>13:48:20,717</Time>
          <Text>192.168.0.6: IO-LINK Device Port 0: Set Device Mode IOL_eDeviceMode_SIO Result: IOL_eErrorInfo_NONE</Text>
          <State>enSTE_OK</State>
        </Line>
        <Line>
          <Time>13:48:20,718</Time>
          <Text>192.168.0.6: IO-LINK Device Set Wireshark</Text>
          <State>enSTE_OK</State>
        </Line>
        <Line>
          <Time>13:48:20,718</Time>
          <Text>Start Master</Text>
          <State>enSTE_OK</State>
        </Line>
        <Line>
          <Time>13:48:20,724</Time>
          <Text>192.168.0.6: IO-LINK Device Mode Ind 0: Mode IOL_eDeviceMode_ESTABCOM</Text>
          <State>enSTE_OK</State>
        </Line>
        <Line>
          <Time>13:48:20,726</Time>
          <Text>192.168.0.6: IO-LINK Device Mode Ind 0: Mode IOL_eDeviceMode_COMx</Text>
          <State>enSTE_OK</State>
        </Line>
        <Line>
          <Time>13:48:20,727</Time>
          <Text>192.168.0.6: IO-LINK Device Mode Ind 0: Mode IOL_eDeviceMode_STARTUP</Text>
          <State>enSTE_OK</State>
        </Line>
        <Line>
          <Time>13:48:20,779</Time>
          <Text>192.168.0.6: IO-LINK Device Mode Ind 0: Mode IOL_eDeviceMode_IDENT_STARTUP</Text>
          <State>enSTE_OK</State>
        </Line>
        <Line>
          <Time>13:48:20,858</Time>
          <Text>192.168.0.6: IO-LINK Device Mode Ind 0: Mode IOL_eDeviceMode_PREOPERATE</Text>
          <State>enSTE_OK</State>
        </Line>
        <Line>
          <Time>13:48:20,871</Time>
          <Text>192.168.0.6: IO-LINK Device Port 0: AL Read Index 21 Subindex 0</Text>
          <State>enSTE_OK</State>
        </Line>
        <Line>
          <Time>13:48:20,872</Time>
          <Text>192.168.0.6: IO-LINK Device Port 0: AL Read Res: 0</Text>
          <State>enSTE_OK</State>
        </Line>
        <Line>
          <Time>13:48:20,951</Time>
          <Text>192.168.0.6: IO-LINK Device Mode Ind 0: Mode IOL_eDeviceMode_OPERATE</Text>
          <State>enSTE_OK</State>
        </Line>
        <Line>
          <Time>13:48:20,984</Time>
          <Text>Set initial data to ff</Text>
          <State>enSTE_OK</State>
        </Line>
        <Line>
          <Time>13:48:20,989</Time>
          <Text>192.168.0.6: IO-LINK Device Port 0: Set Input Res Valid: True</Text>
          <State>enSTE_OK</State>
        </Line>
        <Line>
          <Time>13:48:21,045</Time>
          <Text>Start mirroring of data 0</Text>
          <State>enSTE_OK</State>
        </Line>
        <Line>
          <Time>13:48:21,049</Time>
          <Text>192.168.0.6: IO-LINK Device Port 0: Get Output Res Valid: True</Text>
          <State>enSTE_OK</State>
        </Line>
        <Line>
          <Time>13:48:21,049</Time>
          <Text>192.168.0.6: IO-LINK Device Port 0: Set Input Res Valid: True</Text>
          <State>enSTE_OK</State>
        </Line>
        <Line>
          <Time>13:48:21,076</Time>
          <Text>192.168.0.6: IO-LINK Device Port 0: Get Output Res Valid: True</Text>
          <State>enSTE_OK</State>
        </Line>
        <Line>
          <Time>13:48:21,077</Time>
          <Text>192.168.0.6: IO-LINK Device Port 0: Set Input Res Valid: True</Text>
          <State>enSTE_OK</State>
        </Line>
        <Line>
          <Time>13:48:21,094</Time>
          <Text>192.168.0.6: IO-LINK Device Port 0: Get Output Res Valid: True</Text>
          <State>enSTE_OK</State>
        </Line>
        <Line>
          <Time>13:48:21,094</Time>
          <Text>192.168.0.6: IO-LINK Device Port 0: Set Input Res Valid: True</Text>
          <State>enSTE_OK</State>
        </Line>
        <Line>
          <Time>13:48:21,098</Time>
          <Text>Got correct mirrored data after 43 ms</Text>
          <State>enSTE_OK</State>
        </Line>
        <Line>
          <Time>13:48:21,098</Time>
          <Text>Last Frame: 13:48:21,094 Master: F1-94-55-AA Device: 00-00-55-AA-2D</Text>
          <State>enSTE_OK</State>
        </Line>
        <Line>
          <Time>13:48:21,098</Time>
          <Text>Start mirroring of data 1</Text>
          <State>enSTE_OK</State>
        </Line>
        <Line>
          <Time>13:48:21,101</Time>
          <Text>192.168.0.6: IO-LINK Device Port 0: Get Output Res Valid: True</Text>
          <State>enSTE_OK</State>
        </Line>
        <Line>
          <Time>13:48:21,102</Time>
          <Text>192.168.0.6: IO-LINK Device Port 0: Set Input Res Valid: True</Text>
          <State>enSTE_OK</State>
        </Line>
        <Line>
          <Time>13:48:21,124</Time>
          <Text>192.168.0.6: IO-LINK Device Port 0: Get Output Res Valid: True</Text>
          <State>enSTE_OK</State>
        </Line>
        <Line>
          <Time>13:48:21,124</Time>
          <Text>192.168.0.6: IO-LINK Device Port 0: Set Input Res Valid: True</Text>
          <State>enSTE_OK</State>
        </Line>
        <Line>
          <Time>13:48:21,140</Time>
          <Text>192.168.0.6: IO-LINK Device Port 0: Get Output Res Valid: True</Text>
          <State>enSTE_OK</State>
        </Line>
        <Line>
          <Time>13:48:21,140</Time>
          <Text>192.168.0.6: IO-LINK Device Port 0: Set Input Res Valid: True</Text>
          <State>enSTE_OK</State>
        </Line>
        <Line>
          <Time>13:48:21,144</Time>
          <Text>Got correct mirrored data after 39 ms</Text>
          <State>enSTE_OK</State>
        </Line>
        <Line>
          <Time>13:48:21,144</Time>
          <Text>Last Frame: 13:48:21,144 Master: F1-B5-56-AB Device: 00-00-56-AB-0C</Text>
          <State>enSTE_OK</State>
        </Line>
        <Line>
          <Time>13:48:21,145</Time>
          <Text>Start mirroring of data 2</Text>
          <State>enSTE_OK</State>
        </Line>
        <Line>
          <Time>13:48:21,148</Time>
          <Text>192.168.0.6: IO-LINK Device Port 0: Get Output Res Valid: True</Text>
          <State>enSTE_OK</State>
        </Line>
        <Line>
          <Time>13:48:21,148</Time>
          <Text>192.168.0.6: IO-LINK Device Port 0: Set Input Res Valid: True</Text>
          <State>enSTE_OK</State>
        </Line>
        <Line>
          <Time>13:48:21,172</Time>
          <Text>192.168.0.6: IO-LINK Device Port 0: Get Output Res Valid: True</Text>
          <State>enSTE_OK</State>
        </Line>
        <Line>
          <Time>13:48:21,172</Time>
          <Text>192.168.0.6: IO-LINK Device Port 0: Set Input Res Valid: True</Text>
          <State>enSTE_OK</State>
        </Line>
        <Line>
          <Time>13:48:21,188</Time>
          <Text>192.168.0.6: IO-LINK Device Port 0: Get Output Res Valid: True</Text>
          <State>enSTE_OK</State>
        </Line>
        <Line>
          <Time>13:48:21,189</Time>
          <Text>192.168.0.6: IO-LINK Device Port 0: Set Input Res Valid: True</Text>
          <State>enSTE_OK</State>
        </Line>
        <Line>
          <Time>13:48:21,192</Time>
          <Text>Got correct mirrored data after 40 ms</Text>
          <State>enSTE_OK</State>
        </Line>
        <Line>
          <Time>13:48:21,192</Time>
          <Text>Last Frame: 13:48:21,183 Master: F1-86-57-AC Device: 00-00-57-AC-3F</Text>
          <State>enSTE_OK</State>
        </Line>
        <Line>
          <Time>13:48:21,192</Time>
          <Text>Start mirroring of data 3</Text>
          <State>enSTE_OK</State>
        </Line>
        <Line>
          <Time>13:48:21,195</Time>
          <Text>192.168.0.6: IO-LINK Device Port 0: Get Output Res Valid: True</Text>
          <State>enSTE_OK</State>
        </Line>
        <Line>
          <Time>13:48:21,195</Time>
          <Text>192.168.0.6: IO-LINK Device Port 0: Set Input Res Valid: True</Text>
          <State>enSTE_OK</State>
        </Line>
        <Line>
          <Time>13:48:21,220</Time>
          <Text>192.168.0.6: IO-LINK Device Port 0: Get Output Res Valid: True</Text>
          <State>enSTE_OK</State>
        </Line>
        <Line>
          <Time>13:48:21,221</Time>
          <Text>192.168.0.6: IO-LINK Device Port 0: Set Input Res Valid: True</Text>
          <State>enSTE_OK</State>
        </Line>
        <Line>
          <Time>13:48:21,236</Time>
          <Text>192.168.0.6: IO-LINK Device Port 0: Get Output Res Valid: True</Text>
          <State>enSTE_OK</State>
        </Line>
        <Line>
          <Time>13:48:21,236</Time>
          <Text>192.168.0.6: IO-LINK Device Port 0: Set Input Res Valid: True</Text>
          <State>enSTE_OK</State>
        </Line>
        <Line>
          <Time>13:48:21,239</Time>
          <Text>Got correct mirrored data after 40 ms</Text>
          <State>enSTE_OK</State>
        </Line>
        <Line>
          <Time>13:48:21,240</Time>
          <Text>Last Frame: 13:48:21,233 Master: F1-97-58-AD Device: 00-00-58-AD-2E</Text>
          <State>enSTE_OK</State>
        </Line>
        <Line>
          <Time>13:48:21,240</Time>
          <Text>Start mirroring of data 4</Text>
          <State>enSTE_OK</State>
        </Line>
        <Line>
          <Time>13:48:21,243</Time>
          <Text>192.168.0.6: IO-LINK Device Port 0: Get Output Res Valid: True</Text>
          <State>enSTE_OK</State>
        </Line>
        <Line>
          <Time>13:48:21,244</Time>
          <Text>192.168.0.6: IO-LINK Device Port 0: Set Input Res Valid: True</Text>
          <State>enSTE_OK</State>
        </Line>
        <Line>
          <Time>13:48:21,268</Time>
          <Text>192.168.0.6: IO-LINK Device Port 0: Get Output Res Valid: True</Text>
          <State>enSTE_OK</State>
        </Line>
        <Line>
          <Time>13:48:21,268</Time>
          <Text>192.168.0.6: IO-LINK Device Port 0: Set Input Res Valid: True</Text>
          <State>enSTE_OK</State>
        </Line>
        <Line>
          <Time>13:48:21,284</Time>
          <Text>192.168.0.6: IO-LINK Device Port 0: Get Output Res Valid: True</Text>
          <State>enSTE_OK</State>
        </Line>
        <Line>
          <Time>13:48:21,284</Time>
          <Text>192.168.0.6: IO-LINK Device Port 0: Set Input Res Valid: True</Text>
          <State>enSTE_OK</State>
        </Line>
        <Line>
          <Time>13:48:21,287</Time>
          <Text>Got correct mirrored data after 41 ms</Text>
          <State>enSTE_OK</State>
        </Line>
        <Line>
          <Time>13:48:21,287</Time>
          <Text>Last Frame: 13:48:21,283 Master: F1-B6-59-AE Device: 00-00-59-AE-0F</Text>
          <State>enSTE_OK</State>
        </Line>
        <Line>
          <Time>13:48:21,287</Time>
          <Text>Stop Communication</Text>
          <State>enSTE_OK</State>
        </Line>
        <Line>
          <Time>13:48:21,604</Time>
          <Text>192.168.0.6: IO-LINK Device Mode Ind 0: Mode IOL_eDeviceMode_IDLE</Text>
          <State>enSTE_OK</State>
        </Line>
        <Line>
          <Time>13:48:21,604</Time>
          <Text>192.168.0.6: IO-LINK Device Port 0: Set Device Mode IOL_eDeviceMode_SIO Result: IOL_eErrorInfo_NONE</Text>
          <State>enSTE_OK</State>
        </Line>
        <Line>
          <Time>13:48:21,604</Time>
          <Text>192.168.0.6: IO-LINK Device Mode Ind 0: Mode IOL_eDeviceMode_SIO</Text>
          <State>enSTE_OK</State>
        </Line>
        <Line>
          <Time>13:48:21,795</Time>
          <Text>192.168.0.6: IO-LINK Device Set Wireshark</Text>
          <State>enSTE_OK</State>
        </Line>
        <Line>
          <Time>13:48:21,797</Time>
          <Text>192.168.0.6: IO-LINK Device Port 0: Init Result IOL_eErrorInfo_NONE</Text>
          <State>enSTE_OK</State>
        </Line>
        <Line>
          <Time>13:48:21,797</Time>
          <Text>Finished Test: Test SDCI_TC_0176 - Master Read Mirrored Data</Text>
          <State>enSTE_OK</State>
        </Line>
      </Lines>
    </Test>
    <Test Number="SDCI_TC_0177">
      <Name>Master PD Invalid</Name>
      <Description>Master propagates PD invalid indication in a correct manner</Description>
      <Finished>True</Finished>
      <Lines>
        <Line>
          <Time>13:48:21,797</Time>
          <Text>_________Start Test: Test SDCI_TC_0177 - Master PD Invalid</Text>
          <State>enSTE_OK</State>
        </Line>
        <Line>
          <Time>13:48:21,798</Time>
          <Text>Set Device Parameter</Text>
          <State>enSTE_OK</State>
        </Line>
        <Line>
          <Time>13:48:21,798</Time>
          <Text>192.168.0.6: IO-LINK Device Port 0: Set Device Mode IOL_eDeviceMode_IDLE Result: IOL_eErrorInfo_NONE</Text>
          <State>enSTE_OK</State>
        </Line>
        <Line>
          <Time>13:48:21,798</Time>
          <Text>192.168.0.6: IO-LINK Device Mode Ind 0: Mode IOL_eDeviceMode_IDLE</Text>
          <State>enSTE_OK</State>
        </Line>
        <Line>
          <Time>13:48:21,799</Time>
          <Text>192.168.0.6: IO-LINK Device Port 0: Set Device Mode IOL_eDeviceMode_SIO Result: IOL_eErrorInfo_NONE</Text>
          <State>enSTE_OK</State>
        </Line>
        <Line>
          <Time>13:48:21,799</Time>
          <Text>192.168.0.6: IO-LINK Device Mode Ind 0: Mode IOL_eDeviceMode_SIO</Text>
          <State>enSTE_OK</State>
        </Line>
        <Line>
          <Time>13:48:21,799</Time>
          <Text>192.168.0.6: IO-LINK Device Port 0: Init Result IOL_eErrorInfo_NONE</Text>
          <State>enSTE_OK</State>
        </Line>
        <Line>
          <Time>13:48:21,799</Time>
          <Text>192.168.0.6: IO-LINK Device Port 0: Set Device Mode IOL_eDeviceMode_SIO Result: IOL_eErrorInfo_NONE</Text>
          <State>enSTE_OK</State>
        </Line>
        <Line>
          <Time>13:48:21,800</Time>
          <Text>192.168.0.6: IO-LINK Device Set Wireshark</Text>
          <State>enSTE_OK</State>
        </Line>
        <Line>
          <Time>13:48:21,801</Time>
          <Text>Start Master</Text>
          <State>enSTE_OK</State>
        </Line>
        <Line>
          <Time>13:48:21,807</Time>
          <Text>192.168.0.6: IO-LINK Device Mode Ind 0: Mode IOL_eDeviceMode_ESTABCOM</Text>
          <State>enSTE_OK</State>
        </Line>
        <Line>
          <Time>13:48:21,808</Time>
          <Text>192.168.0.6: IO-LINK Device Mode Ind 0: Mode IOL_eDeviceMode_COMx</Text>
          <State>enSTE_OK</State>
        </Line>
        <Line>
          <Time>13:48:21,809</Time>
          <Text>192.168.0.6: IO-LINK Device Mode Ind 0: Mode IOL_eDeviceMode_STARTUP</Text>
          <State>enSTE_OK</State>
        </Line>
        <Line>
          <Time>13:48:21,862</Time>
          <Text>192.168.0.6: IO-LINK Device Mode Ind 0: Mode IOL_eDeviceMode_IDENT_STARTUP</Text>
          <State>enSTE_OK</State>
        </Line>
        <Line>
          <Time>13:48:21,940</Time>
          <Text>192.168.0.6: IO-LINK Device Mode Ind 0: Mode IOL_eDeviceMode_PREOPERATE</Text>
          <State>enSTE_OK</State>
        </Line>
        <Line>
          <Time>13:48:21,953</Time>
          <Text>192.168.0.6: IO-LINK Device Port 0: AL Read Index 21 Subindex 0</Text>
          <State>enSTE_OK</State>
        </Line>
        <Line>
          <Time>13:48:21,954</Time>
          <Text>192.168.0.6: IO-LINK Device Port 0: AL Read Res: 0</Text>
          <State>enSTE_OK</State>
        </Line>
        <Line>
          <Time>13:48:22,036</Time>
          <Text>192.168.0.6: IO-LINK Device Mode Ind 0: Mode IOL_eDeviceMode_OPERATE</Text>
          <State>enSTE_OK</State>
        </Line>
        <Line>
          <Time>13:48:22,069</Time>
          <Text>192.168.0.6: IO-LINK Device Port 0: Set Input Res Valid: True</Text>
          <State>enSTE_OK</State>
        </Line>
        <Line>
          <Time>13:48:22,182</Time>
          <Text>Precondition valid processdata is present</Text>
          <State>enSTE_OK</State>
        </Line>
        <Line>
          <Time>13:48:22,182</Time>
          <Text>192.168.0.6: IO-LINK Device Port 0: Set Input Res Valid: False</Text>
          <State>enSTE_OK</State>
        </Line>
        <Line>
          <Time>13:48:22,292</Time>
          <Text>Invalid processdata is signaled</Text>
          <State>enSTE_OK</State>
        </Line>
        <Line>
          <Time>13:48:22,292</Time>
          <Text>Last Frame: 13:48:22,285 Master: F1-B6-59-AE Device: 00-00-FF-FF-75</Text>
          <State>enSTE_OK</State>
        </Line>
        <Line>
          <Time>13:48:22,292</Time>
          <Text>PDinvalid status is set in last cks byte</Text>
          <State>enSTE_OK</State>
        </Line>
        <Line>
          <Time>13:48:22,292</Time>
          <Text>Stop Communication</Text>
          <State>enSTE_OK</State>
        </Line>
        <Line>
          <Time>13:48:22,616</Time>
          <Text>192.168.0.6: IO-LINK Device Mode Ind 0: Mode IOL_eDeviceMode_IDLE</Text>
          <State>enSTE_OK</State>
        </Line>
        <Line>
          <Time>13:48:22,617</Time>
          <Text>192.168.0.6: IO-LINK Device Port 0: Set Device Mode IOL_eDeviceMode_SIO Result: IOL_eErrorInfo_NONE</Text>
          <State>enSTE_OK</State>
        </Line>
        <Line>
          <Time>13:48:22,617</Time>
          <Text>192.168.0.6: IO-LINK Device Mode Ind 0: Mode IOL_eDeviceMode_SIO</Text>
          <State>enSTE_OK</State>
        </Line>
        <Line>
          <Time>13:48:22,799</Time>
          <Text>192.168.0.6: IO-LINK Device Set Wireshark</Text>
          <State>enSTE_OK</State>
        </Line>
        <Line>
          <Time>13:48:22,800</Time>
          <Text>192.168.0.6: IO-LINK Device Port 0: Init Result IOL_eErrorInfo_NONE</Text>
          <State>enSTE_OK</State>
        </Line>
        <Line>
          <Time>13:48:22,800</Time>
          <Text>Finished Test: Test SDCI_TC_0177 - Master PD Invalid</Text>
          <State>enSTE_OK</State>
        </Line>
      </Lines>
    </Test>
    <Test Number="SDCI_TC_0178">
      <Name>Master PD Valid</Name>
      <Description>Master propagates PDValid indication in a correct manner </Description>
      <Finished>True</Finished>
      <Lines>
        <Line>
          <Time>13:48:22,800</Time>
          <Text>_________Start Test: Test SDCI_TC_0178 - Master PD Valid</Text>
          <State>enSTE_OK</State>
        </Line>
        <Line>
          <Time>13:48:22,804</Time>
          <Text>Set Device Parameter</Text>
          <State>enSTE_OK</State>
        </Line>
        <Line>
          <Time>13:48:22,804</Time>
          <Text>192.168.0.6: IO-LINK Device Port 0: Set Device Mode IOL_eDeviceMode_IDLE Result: IOL_eErrorInfo_NONE</Text>
          <State>enSTE_OK</State>
        </Line>
        <Line>
          <Time>13:48:22,804</Time>
          <Text>192.168.0.6: IO-LINK Device Mode Ind 0: Mode IOL_eDeviceMode_IDLE</Text>
          <State>enSTE_OK</State>
        </Line>
        <Line>
          <Time>13:48:22,804</Time>
          <Text>192.168.0.6: IO-LINK Device Port 0: Init Result IOL_eErrorInfo_NONE</Text>
          <State>enSTE_OK</State>
        </Line>
        <Line>
          <Time>13:48:22,805</Time>
          <Text>192.168.0.6: IO-LINK Device Port 0: Set Device Mode IOL_eDeviceMode_SIO Result: IOL_eErrorInfo_NONE</Text>
          <State>enSTE_OK</State>
        </Line>
        <Line>
          <Time>13:48:22,805</Time>
          <Text>192.168.0.6: IO-LINK Device Mode Ind 0: Mode IOL_eDeviceMode_SIO</Text>
          <State>enSTE_OK</State>
        </Line>
        <Line>
          <Time>13:48:22,805</Time>
          <Text>192.168.0.6: IO-LINK Device Port 0: Set Device Mode IOL_eDeviceMode_SIO Result: IOL_eErrorInfo_NONE</Text>
          <State>enSTE_OK</State>
        </Line>
        <Line>
          <Time>13:48:22,808</Time>
          <Text>192.168.0.6: IO-LINK Device Set Wireshark</Text>
          <State>enSTE_OK</State>
        </Line>
        <Line>
          <Time>13:48:22,809</Time>
          <Text>Start Master</Text>
          <State>enSTE_OK</State>
        </Line>
        <Line>
          <Time>13:48:22,815</Time>
          <Text>192.168.0.6: IO-LINK Device Mode Ind 0: Mode IOL_eDeviceMode_ESTABCOM</Text>
          <State>enSTE_OK</State>
        </Line>
        <Line>
          <Time>13:48:22,816</Time>
          <Text>192.168.0.6: IO-LINK Device Mode Ind 0: Mode IOL_eDeviceMode_COMx</Text>
          <State>enSTE_OK</State>
        </Line>
        <Line>
          <Time>13:48:22,817</Time>
          <Text>192.168.0.6: IO-LINK Device Mode Ind 0: Mode IOL_eDeviceMode_STARTUP</Text>
          <State>enSTE_OK</State>
        </Line>
        <Line>
          <Time>13:48:22,868</Time>
          <Text>192.168.0.6: IO-LINK Device Mode Ind 0: Mode IOL_eDeviceMode_IDENT_STARTUP</Text>
          <State>enSTE_OK</State>
        </Line>
        <Line>
          <Time>13:48:22,948</Time>
          <Text>192.168.0.6: IO-LINK Device Mode Ind 0: Mode IOL_eDeviceMode_PREOPERATE</Text>
          <State>enSTE_OK</State>
        </Line>
        <Line>
          <Time>13:48:22,961</Time>
          <Text>192.168.0.6: IO-LINK Device Port 0: AL Read Index 21 Subindex 0</Text>
          <State>enSTE_OK</State>
        </Line>
        <Line>
          <Time>13:48:22,962</Time>
          <Text>192.168.0.6: IO-LINK Device Port 0: AL Read Res: 0</Text>
          <State>enSTE_OK</State>
        </Line>
        <Line>
          <Time>13:48:23,031</Time>
          <Text>192.168.0.6: IO-LINK Device Mode Ind 0: Mode IOL_eDeviceMode_OPERATE</Text>
          <State>enSTE_OK</State>
        </Line>
        <Line>
          <Time>13:48:23,072</Time>
          <Text>192.168.0.6: IO-LINK Device Port 0: Set Input Res Valid: False</Text>
          <State>enSTE_OK</State>
        </Line>
        <Line>
          <Time>13:48:23,184</Time>
          <Text>Precondition invalid processdata is present</Text>
          <State>enSTE_OK</State>
        </Line>
        <Line>
          <Time>13:48:23,185</Time>
          <Text>192.168.0.6: IO-LINK Device Port 0: Set Input Res Valid: True</Text>
          <State>enSTE_OK</State>
        </Line>
        <Line>
          <Time>13:48:23,295</Time>
          <Text>Valid processdata is signaled</Text>
          <State>enSTE_OK</State>
        </Line>
        <Line>
          <Time>13:48:23,295</Time>
          <Text>Last Frame: 13:48:23,293 Master: F1-B6-59-AE Device: 00-00-FF-FF-2D</Text>
          <State>enSTE_OK</State>
        </Line>
        <Line>
          <Time>13:48:23,295</Time>
          <Text>PDvalid status is set in last cks byte</Text>
          <State>enSTE_OK</State>
        </Line>
        <Line>
          <Time>13:48:23,295</Time>
          <Text>Stop Communication</Text>
          <State>enSTE_OK</State>
        </Line>
        <Line>
          <Time>13:48:23,614</Time>
          <Text>192.168.0.6: IO-LINK Device Mode Ind 0: Mode IOL_eDeviceMode_IDLE</Text>
          <State>enSTE_OK</State>
        </Line>
        <Line>
          <Time>13:48:23,614</Time>
          <Text>192.168.0.6: IO-LINK Device Port 0: Set Device Mode IOL_eDeviceMode_SIO Result: IOL_eErrorInfo_NONE</Text>
          <State>enSTE_OK</State>
        </Line>
        <Line>
          <Time>13:48:23,614</Time>
          <Text>192.168.0.6: IO-LINK Device Mode Ind 0: Mode IOL_eDeviceMode_SIO</Text>
          <State>enSTE_OK</State>
        </Line>
        <Line>
          <Time>13:48:23,804</Time>
          <Text>192.168.0.6: IO-LINK Device Set Wireshark</Text>
          <State>enSTE_OK</State>
        </Line>
        <Line>
          <Time>13:48:23,805</Time>
          <Text>192.168.0.6: IO-LINK Device Port 0: Init Result IOL_eErrorInfo_NONE</Text>
          <State>enSTE_OK</State>
        </Line>
        <Line>
          <Time>13:48:23,805</Time>
          <Text>Finished Test: Test SDCI_TC_0178 - Master PD Valid</Text>
          <State>enSTE_OK</State>
        </Line>
      </Lines>
    </Test>
  </Tests>
</TestReport>